timestamp,open,high,low,close,adjusted_close,volume
2014-09-24,21.5,23.22,21.35,23.08,18.969645150599998,60428679
2014-09-25,22.56,23.41,22.45,23.05,18.9449878995,8430006
2014-09-26,23.18,23.37,22.91,23.25,19.1093695733,2504353
2014-09-29,23.14,23.45,22.91,23.23,19.0929314059,4832586
2014-09-30,23.11,23.57,23.05,23.42,19.249093996,4103103
2014-10-01,23.22,23.61,23.11,23.44,19.265532163299998,3915508
2014-10-02,23.34,23.59,23.303,23.34,19.183341326500003,3121384
2014-10-03,23.38,23.47,23.01,23.23,19.0929314059,1585901
2014-10-06,23.28,23.37,22.61,22.64,18.6080054683,1208403
2014-10-07,22.56,22.74,22.26,22.52,18.5093764641,1508726
2014-10-08,22.11,23.15,22.11,22.75,18.698415388900003,1649208
2014-10-09,23.0,23.0,22.24,22.48,18.4765001294,1229058
2014-10-10,22.39,22.56,22.135,22.28,18.3121184556,924069
2014-10-13,22.13,22.66,22.12,22.45,18.4518428783,1382774
2014-10-14,22.5,22.79,22.3,22.45,18.4518428783,1605776
2014-10-15,22.13,22.2,21.5,21.85,17.958697857,3405401
2014-10-16,21.51,21.95,21.47,21.8,17.9176024386,3105758
2014-10-17,21.89,22.07,21.73,21.92,18.0162314429,2750608
2014-10-20,21.82,22.38,21.82,22.38,18.3943092925,1870599
2014-10-21,22.11,22.93,22.11,22.82,18.7559489747,1165506
2014-10-22,22.78,23.0,22.4025,22.6,18.575129133599997,884653
2014-10-23,22.97,23.08,22.59,23.03,18.9285497322,1154177
2014-10-24,23.32,23.49,22.77,23.18,19.0518359875,1357806
2014-10-27,23.15,23.19,22.725,22.85,18.7806062258,2898819
2014-10-28,23.16,23.59,22.93,23.28,19.1340268243,1500595
2014-10-29,23.35,23.53,23.2,23.48,19.2984084981,1302330
2014-10-30,23.46,23.69,23.2971,23.44,19.265532163299998,1153487
2014-10-31,23.59,23.92,23.37,23.62,19.4134756697,1238628
2014-11-03,23.49,24.0,23.16,24.0,19.7258008498,1826936
2014-11-04,23.74,23.91,23.43,23.6,19.479228339200002,1474474
2014-11-05,23.8,23.95,23.55,23.9,19.726845648599998,1097594
2014-11-06,23.79,24.46,23.75,24.3,20.0570020611,1010740
2014-11-07,24.48,24.48,23.96,23.97,19.784623020799998,600659
2014-11-10,24.04,24.25,23.75,23.95,19.7681152002,1531257
2014-11-11,23.97,24.22,23.75,23.94,19.7598612899,658274
2014-11-12,23.75,23.98,23.51,23.86,19.6938300074,940834
2014-11-13,23.62,23.96,23.58,23.82,19.6608143661,1149713
2014-11-14,23.74,24.0,23.74,23.96,19.7763691105,1111501
2014-11-17,24.11,24.11,23.56,24.0,19.8093847517,992390
2014-11-18,24.04,24.04,23.71,23.73,19.5865291733,586010
2014-11-19,23.8,24.0,23.51,23.72,19.578275263,812772
2014-11-20,23.57,23.87,23.5001,23.71,19.5700213527,745775
2014-11-21,23.95,24.21,23.695,23.77,19.6195448145,725247
2014-11-24,23.8,24.36,23.68,24.25,20.0157325096,836847
2014-11-25,24.24,24.3,24.02,24.03,19.8341464827,701615
2014-11-26,24.11,24.27,23.92,24.23,19.999224689000002,703711
2014-11-28,24.22,25.09,24.05,24.63,20.3293811015,713406
2014-12-01,24.62,24.895,23.49,23.98,19.7928769311,2282591
2014-12-02,24.02,24.43,23.8,24.2,19.974462958,1369272
2014-12-03,24.33,24.59,24.19,24.23,19.999224689000002,1854537
2014-12-04,24.32,24.56,24.09,24.4,20.139541164300002,1433907
2014-12-05,24.45,25.22,24.45,25.15,20.7585844378,1008380
2014-12-08,25.08,25.14,24.68,25.04,20.6677914243,2244927
2014-12-09,24.71,25.33,24.5,25.16,20.7668383481,1141758
2014-12-10,25.15,25.41,24.62,24.65,20.345888922100002,630958
2014-12-11,24.85,25.28,24.51,24.69,20.3789045634,1709147
2014-12-12,24.52,24.83,24.4,24.46,20.1890646262,950809
2014-12-15,24.68,24.805,24.27,24.49,20.2138263571,1175223
2014-12-16,24.53,24.875,24.22,24.25,20.0157325096,1314152
2014-12-17,24.22,24.8,24.22,24.56,20.2716037293,2160460
2014-12-18,24.75,25.14,24.68,25.08,20.7008070656,1768470
2014-12-19,25.04,25.6,24.84,25.0,20.6347757831,7523121
2014-12-22,25.16,25.2786,24.66,25.1,20.7173148862,1689581
2014-12-23,25.31,25.5,25.12,25.44,20.9979478369,1174551
2014-12-24,25.45,25.59,25.18,25.51,21.055725209000002,547225
2014-12-26,25.51,25.51,25.25,25.31,20.890647002799998,304036
2014-12-29,25.2,25.51,25.18,25.37,20.9401704647,1070954
2014-12-30,25.46,25.5,25.16,25.19,20.791600079000002,511820
2014-12-31,25.25,25.285,24.83,24.86,20.5192210387,621617
2015-01-02,24.97,25.0,24.29,24.76,20.4366819356,643550
2015-01-05,24.58,24.68,23.84,24.18,19.9579551374,1330389
2015-01-06,24.17,24.22,23.7,23.91,19.7350995589,2075044
2015-01-07,23.99,24.13,23.79,24.0,19.8093847517,1160199
2015-01-08,24.07,24.48,23.94,24.18,19.9579551374,661452
2015-01-09,24.15,24.18,23.78,23.89,19.7185917383,718867
2015-01-12,23.8,24.04,23.62,23.88,19.710337828,941126
2015-01-13,23.94,24.19,23.61,23.87,19.7020839177,990061
2015-01-14,23.6,23.744,23.1,23.44,19.3471657742,962525
2015-01-15,23.37,23.61,22.67,22.96,18.950978079200002,1558030
2015-01-16,22.83,23.24,22.79,23.19,19.1408180164,1951966
2015-01-20,23.16,23.85,22.91,23.1,19.0665328236,1742114
2015-01-21,23.07,23.59,23.01,23.28,19.215103209200002,787349
2015-01-22,23.3,24.16,23.28,24.14,19.9249394961,486535
2015-01-23,24.04,24.04,23.67,23.71,19.5700213527,656610
2015-01-26,23.75,24.31,23.53,24.09,19.8836699446,1167764
2015-01-27,23.86,24.64,23.7601,24.15,19.9331934064,1308167
2015-01-28,24.17,24.35,23.84,23.86,19.6938300074,1301860
2015-01-29,23.92,24.35,23.26,24.24,20.0074785993,1818610
2015-01-30,24.1,24.24,23.81,23.9,19.726845648599998,1882316
2015-02-02,23.85,24.16,23.69,24.0,19.8093847517,1445837
2015-02-03,23.91,24.45,23.8,24.29,20.131287254,1351750
2015-02-04,24.27,24.38,23.93,24.01,19.8992263058,1102434
2015-02-05,24.09,24.41,23.98,24.35,20.1810146,984601
2015-02-06,24.41,25.0,24.22,24.5,20.3053329651,1748389
2015-02-09,24.48,24.53,24.11,24.26,20.1064235809,781608
2015-02-10,24.73,24.96,24.53,24.82,20.5705454773,1384891
2015-02-11,24.88,25.0,24.55,24.97,20.6948638424,1393061
2015-02-12,24.8,25.37,24.75,25.33,20.9932279186,985050
2015-02-13,25.28,25.67,25.14,25.45,21.0926826107,1164524
2015-02-17,25.71,25.74,25.26,25.56,21.183849411700002,1807100
2015-02-18,25.63,25.63,25.06,25.21,20.893773226500002,1783474
2015-02-19,25.02,25.22,24.85,25.02,20.7363032974,896846
2015-02-20,25.1,25.26,24.862,25.25,20.9269247906,744802
2015-02-23,25.1,25.1,24.675,24.91,20.6451364963,743580
2015-02-24,24.86,25.07,24.77,24.93,20.6617122784,530683
2015-02-25,24.87,25.0,24.72,24.96,20.686575951400002,612615
2015-02-26,24.94,24.995,24.61,24.85,20.5954091503,702911
2015-02-27,24.8,24.9999,24.71,24.84,20.5871212593,468546
2015-03-02,24.8,25.18,24.62,24.85,20.5954091503,1408937
2015-03-03,24.82,25.05,24.58,25.04,20.7528790794,905544
2015-03-04,24.99,24.99,24.5,24.9,20.6368486053,1781542
2015-03-05,24.89,25.32,24.61,25.3,20.9683642456,1959248
2015-03-06,25.03,25.8,24.95,25.5,21.134122065699998,1542156
2015-03-09,25.47,25.5347,25.11,25.23,20.9103490085,1890638
2015-03-10,24.95,25.2,24.79,25.0,20.7197275154,1434336
2015-03-11,25.0,25.2699,25.0,25.11,20.8108943165,837650
2015-03-12,25.12,25.78,24.99,25.49,21.1258341747,2143342
2015-03-13,25.17,25.23,24.43,24.77,20.5291060223,3480912
2015-03-16,24.93,25.32,24.77,25.31,20.976652136600002,1186824
2015-03-17,25.18,25.61,24.9,25.6,21.217000975799998,1225220
2015-03-18,25.45,25.84,25.1,25.19,20.877197444500002,1288586
2015-03-19,25.0,25.19,24.495,24.8,20.5539696953,1824580
2015-03-20,24.78,25.02,24.74,24.8,20.5539696953,6594055
2015-03-23,24.85,25.24,24.51,24.76,20.5208181313,3773274
2015-03-24,24.7,24.92,24.24,24.32,20.156150927,2657602
2015-03-25,24.27,24.43,23.84,24.0,19.8909384148,5000096
2015-03-26,24.04,24.29,23.83,24.12,19.9903931069,62491480
2015-03-27,24.11,24.54,24.1,24.48,20.2887571831,9244264
2015-03-30,24.5,24.68,24.16,24.32,20.156150927,5463482
2015-03-31,24.22,24.29,24.04,24.13,19.9986809979,3946570
2015-04-01,24.15,24.46,24.03,24.36,20.189302491,5348903
2015-04-02,24.34,24.68,24.25,24.62,20.4047876572,6024784
2015-04-06,24.48,24.8,24.28,24.75,20.5125302402,3718418
2015-04-07,24.73,25.0,24.7,24.9,20.6368486053,5752758
2015-04-08,25.0,25.09,24.88,25.0,20.7197275154,4441601
2015-04-09,25.0,25.14,24.93,25.04,20.7528790794,3585019
2015-04-10,25.03,25.3,24.97,25.11,20.8108943165,2606743
2015-04-13,25.19,25.46,24.98,25.45,21.0926826107,4462650
2015-04-14,25.15,25.25,25.02,25.14,20.8357579895,1860841
2015-04-15,25.15,25.66,25.02,25.6,21.217000975799998,3701309
2015-04-16,25.6,25.63,25.2,25.49,21.1258341747,1970965
2015-04-17,25.36,25.41,25.04,25.12,20.8191822075,1303817
2015-04-20,25.19,25.28,24.97,25.11,20.8108943165,2630029
2015-04-21,25.19,25.46,24.96,25.04,20.7528790794,3493921
2015-04-22,25.5,25.98,24.92,25.49,21.1258341747,3563199
2015-04-23,25.66,25.74,25.28,25.64,21.250152539800002,2450858
2015-04-24,25.66,25.72,25.28,25.57,21.1921373028,1918430
2015-04-27,25.7,25.84,25.48,25.48,21.117546283699998,4843454
2015-04-28,25.53,25.825,25.39,25.78,21.366183013900002,2557577
2015-04-29,25.63,26.29,25.6,26.09,21.623107635100002,3516940
2015-04-30,25.99,26.18,25.68,26.05,21.589956071,2700344
2015-05-01,26.15,26.302,25.91,25.98,21.6148197441,2090668
2015-05-04,26.05,26.38,25.97,26.3,21.8810530896,1626037
2015-05-05,26.23,26.47,26.14,26.24,21.8311343373,2164075
2015-05-06,26.29,26.432,25.78,25.85,21.506662447399997,2614496
2015-05-07,25.82,25.96,25.61,25.95,21.5898603679,2998342
2015-05-08,26.19,26.241999999999997,25.57,25.81,21.4733832792,3298154
2015-05-11,25.83,26.19,25.83,26.07,21.6896978725,4875078
2015-05-12,26.02,26.25,25.96,26.15,21.7562562089,3526312
2015-05-13,26.29,26.41,25.99,26.23,21.8228145453,3532424
2015-05-14,26.48,26.59,26.14,26.48,22.0308093465,2561327
2015-05-15,26.45,26.581999999999997,25.9,25.93,21.5732207838,2266920
2015-05-18,25.99,26.38,25.89,26.3,21.8810530896,2182513
2015-05-19,26.02,26.89,25.94,26.86,22.3469614444,3279750
2015-05-20,26.65,26.95,26.64,26.75,22.2554437319,3430864
2015-05-21,26.76,26.91,26.46,26.84,22.330321860300003,5403619
2015-05-22,26.83,26.99,26.7,26.92,22.3968801967,3185352
2015-05-26,26.87,26.99,26.66,26.7,22.213844771599998,5931036
2015-05-27,26.765,26.92,26.59,26.77,22.272083316,4423323
2015-05-28,26.77,26.92,26.58,26.83,22.322002068299998,3074931
2015-05-29,26.89,26.95,26.565,26.84,22.330321860300003,11662129
2015-06-01,26.91,27.025,26.72,26.95,22.421839572800003,4060531
2015-06-02,27.0,27.34,26.95,27.19,22.621514582,3798469
2015-06-03,27.29,27.67,27.24,27.62,22.979265640100003,6359355
2015-06-04,27.53,27.87,27.53,27.75,23.0874229368,6119249
2015-06-05,27.79,28.35,27.3,28.32,23.5616510836,7049847
2015-06-08,28.39,28.71,28.0,28.04,23.328696906199998,11997263
2015-06-09,28.01,28.09,27.3,28.08,23.3619760744,8313385
2015-06-10,28.2,28.31,27.83,28.0,23.295417738,7645820
2015-06-11,28.09,28.17,27.46,27.52,22.8960677197,10332566
2015-06-12,27.5,27.64,27.33,27.54,22.9127073038,8410215
2015-06-15,27.37,27.99,27.36,27.91,23.2205396096,6175987
2015-06-16,27.85,28.29,27.73,28.25,23.503412539299998,5020125
2015-06-17,28.33,28.41,27.84,27.91,23.2205396096,6830814
2015-06-18,28.0,28.12,27.6,28.07,23.3536562824,6168345
2015-06-19,28.12,28.46,28.02,28.19,23.453493787,29234651
2015-06-22,28.39,28.54,28.17,28.27,23.520052123400003,3695464
2015-06-23,28.38,28.53,28.06,28.19,23.453493787,5113357
2015-06-24,28.1,28.32,27.985,28.05,23.337016698299998,2675558
2015-06-25,27.95,28.04,27.28,27.38,22.779590630999998,5014804
2015-06-26,27.37,27.615,27.26,27.54,22.9127073038,9588333
2015-06-29,27.21,27.39,26.8,26.93,22.405199988699998,3022453
2015-06-30,27.21,27.87,26.985,27.31,22.7213520866,5545328
2015-07-01,27.53,27.74,27.34,27.44,22.8295093833,2838202
2015-07-02,27.43,27.47,26.92,27.15,22.5882354138,2158019
2015-07-06,26.93,27.04,26.67,27.01,22.4717583251,3391988
2015-07-07,27.01,27.04,26.44,26.74,22.2471239398,3582608
2015-07-08,26.58,26.71,26.46,26.64,22.1639260193,3601944
2015-07-09,26.91,27.03,26.8,26.98,22.446798949,2196341
2015-07-10,27.25,27.35,27.05,27.3,22.7130322946,1767485
2015-07-13,27.5,27.7,27.19,27.25,22.671433334299998,2075152
2015-07-14,27.3,27.58,27.23,27.55,22.9210270958,3363214
2015-07-15,27.75,28.0,27.62,27.8,23.129021896999998,2356049
2015-07-16,27.89,28.15,27.71,28.11,23.3869354506,2239731
2015-07-17,28.08,28.1825,27.84,27.91,23.2205396096,3126686
2015-07-20,27.93,28.17,27.87,27.96,23.2621385698,4131653
2015-07-21,26.53,27.58,25.48,26.72,22.230484355700003,10366904
2015-07-22,26.69,27.255,26.614,27.04,22.4967177013,3829144
2015-07-23,27.06,27.3,26.37,26.45,22.0058499704,3075041
2015-07-24,26.48,26.65,26.12,26.15,21.7562562089,1993934
2015-07-27,26.02,26.13,25.68,25.94,21.5815405759,2544280
2015-07-28,25.8,26.36,25.74,26.17,21.772895793000004,5610298
2015-07-29,26.1,26.33,26.0,26.0,21.631459328200002,59753880
2015-07-30,26.03,26.6299,25.6,26.49,22.122327059099998,17805568
2015-07-31,26.56,26.6,25.98,26.07,21.7715766867,9396444
2015-08-03,26.18,26.5,26.0,26.03,21.7381718893,6981511
2015-08-04,26.05,26.44,25.9,26.27,21.938600673499998,5120699
2015-08-05,26.49,26.84,26.41,26.66,22.2642974479,6478775
2015-08-06,26.77,26.84,26.43,26.65,22.2559462486,4042123
2015-08-07,26.53,26.82,26.31,26.7,22.297702245300002,8973706
2015-08-10,27.01,27.26,26.9,27.19,22.7069110131,4443212
2015-08-11,27.0,27.19,26.7,26.84,22.414619036100003,4909284
2015-08-12,26.78,26.79,25.74,26.03,21.7381718893,6983480
2015-08-13,26.0,26.3,25.975,26.2,21.8801422781,4317352
2015-08-14,26.26,26.42,26.13,26.38,22.0304638663,1998548
2015-08-17,26.31,26.48,26.08,26.28,21.946951872899998,1746154
2015-08-18,26.29,26.58,26.19,26.56,22.180785454499997,2415248
2015-08-19,26.43,26.57,26.23,26.26,21.9302494742,4322968
2015-08-20,26.05,26.29,25.33,25.33,21.1535879353,3193836
2015-08-21,25.02,25.11,24.57,24.57,20.5188967853,4203142
2015-08-24,23.58,24.1,21.14,23.03,19.2328120865,8454578
2015-08-25,23.8,24.08,23.07,23.1,19.2912704819,5607825
2015-08-26,24.0,24.45,23.45,24.19,20.201551210199998,6358491
2015-08-27,24.62,24.99,24.37,24.48,20.4437359912,5251744
2015-08-28,24.59,24.885,24.37,24.69,20.6191111774,3097233
2015-08-31,24.68,24.94,24.5,24.82,20.727676768800002,3553069
2015-09-01,24.475,24.59,23.52,23.69,19.7839912431,5046606
2015-09-02,24.07,24.33,23.44,24.13,20.1514440142,5658439
2015-09-03,24.3,24.79,24.21,24.5,20.4604383899,3093782
2015-09-04,24.24,24.43,23.96,24.09,20.1180392168,2295028
2015-09-08,24.6,24.63,24.215,24.63,20.5690039813,3484881
2015-09-09,24.78,24.99,24.365,24.4,20.376926396400002,3949782
2015-09-10,24.3,24.6358,24.22,24.44,20.4103311938,2010768
2015-09-11,24.3,24.54,24.06,24.32,20.3101168017,3544773
2015-09-14,24.28,24.67,24.25,24.41,20.385277595799998,2459336
2015-09-15,24.45,25.14,24.421999999999997,25.03,20.903051955,2882159
2015-09-16,24.93,25.06,24.635,24.88,20.7777839649,3541780
2015-09-17,24.84,24.96,23.68,24.04,20.0762832201,5433093
2015-09-18,23.69,23.99,23.22,23.75,19.8340984391,11030892
2015-09-21,23.95,24.14,23.72,23.9,19.9593664293,3422641
2015-09-22,23.5,23.67,23.42,23.6,19.708830449,2220046
2015-09-23,23.75,23.79,23.275,23.34,19.4916992661,3662143
2015-09-24,23.06,23.32,23.0,23.24,19.4081872727,3495066
2015-09-25,23.63,23.82,23.48,23.61,19.7171816483,4083193
2015-09-28,23.4,23.56,22.6,22.63,18.8987641128,5359736
2015-09-29,22.76,23.44,22.565,23.22,19.391484874,5979255
2015-09-30,23.66,25.23,23.39,23.86,19.9259616319,5606812
2015-10-01,23.75,24.02,23.37,23.5,19.6253184556,3214144
2015-10-02,22.99,23.48,22.48,23.41,19.550157661500002,7919401
2015-10-05,23.64,23.83,23.32,23.72,19.8090448411,6639618
2015-10-06,23.66,23.83,23.3,23.36,19.5084016648,3616485
2015-10-07,23.52,23.565,23.18,23.44,19.5752112595,4528843
2015-10-08,23.43,23.64,23.24,23.52,19.6420208543,4248742
2015-10-09,23.49,23.82,23.36,23.46,19.5919136582,3645113
2015-10-12,23.46,23.69,23.39,23.56,19.6754256516,1949132
2015-10-13,23.5,23.62,23.38,23.46,19.5919136582,2278114
2015-10-14,23.35,23.49,22.79,22.91,19.1325976943,2973536
2015-10-15,23.04,23.59,22.94,23.52,19.6420208543,3083891
2015-10-16,23.62,23.78,23.22,23.22,19.391484874,4212344
2015-10-19,23.2,23.49,23.03,23.23,19.399836073299998,3846652
2015-10-20,23.23,23.6,23.16,23.39,19.5334552628,4082217
2015-10-21,23.48,23.865,23.17,23.17,19.3497288773,3922984
2015-10-22,23.26,23.62,22.87,22.87,19.099192897000002,9977712
2015-10-23,23.55,24.3,23.21,24.22,20.2266048083,9488362
2015-10-26,24.25,24.49,23.56,23.6,19.708830449,4690049
2015-10-27,23.42,23.8,23.27,23.53,19.650372053599998,4038042
2015-10-28,23.52,24.44,23.52,24.18,20.1932000109,5537429
2015-10-29,24.18,24.43,24.01,24.11,20.1347416155,4363424
2015-10-30,23.75,24.39,23.73,24.3,20.293414403,50057616
2015-11-02,24.58,24.7,24.12,24.45,20.4186823931,14762883
2015-11-03,24.46,24.62,24.14,24.42,20.477140788499998,6333828
2015-11-04,24.55,24.74,24.2,24.53,20.5693801615,11117454
2015-11-05,24.47,24.93,24.44,24.61,20.6364633418,10044551
2015-11-06,25.47,25.97,25.12,25.73,21.5756278661,16332334
2015-11-09,25.73,26.05,25.48,25.87,21.693023431599997,10013793
2015-11-10,25.87,26.09,25.77,26.0,21.8020335996,14272576
2015-11-11,26.0,26.13,25.89,26.09,21.877502177399997,6577571
2015-11-12,25.75,25.95,25.49,25.51,21.3911491202,8336209
2015-11-13,25.49,25.6,25.22,25.53,21.4079199153,9834203
2015-11-16,25.6,25.72,25.27,25.68,21.5337008784,6910850
2015-11-17,25.72,25.91,25.52,25.6,21.4666176981,4455494
2015-11-18,25.73,26.22,25.61,26.2,21.9697415504,5740149
2015-11-19,26.1,26.24,25.9,26.12,21.902658370100003,3415426
2015-11-20,26.31,26.31,25.87,26.02,21.8188043947,3096774
2015-11-23,25.97,26.18,25.67,25.74,21.584013263600003,4369367
2015-11-24,25.64,26.15,25.51,26.13,21.911043767600002,4961056
2015-11-25,26.13,26.28,25.936999999999998,26.26,22.0200539356,4382771
2015-11-27,26.23,26.5,26.145,26.39,22.1290641036,2250585
2015-11-30,26.43,26.65,26.255,26.63,22.3303136445,9725405
2015-12-01,26.81,26.87,26.28,26.5,22.2213034765,6002952
2015-12-02,26.75,26.86,26.46,26.64,22.338699042,10319973
2015-12-03,26.83,26.84,26.38,26.47,22.1961472839,10031704
2015-12-04,26.69,27.14,26.46,27.12,22.7411981239,5481809
2015-12-07,27.1,27.17,26.365,26.51,22.229688874,5337872
2015-12-08,26.25,26.55,26.09,26.41,22.1458348987,4656418
2015-12-09,26.33,26.74,25.79,26.1,21.885887575,6760607
2015-12-10,26.1,26.57,26.04,26.3,22.0535955257,3559700
2015-12-11,25.96,26.17,25.37,25.61,21.475003095599998,6501257
2015-12-14,25.74,25.96,25.4,25.72,21.567242468499998,5119076
2015-12-15,26.18,26.7,26.04,26.54,22.2548450667,5446091
2015-12-16,26.75,27.02,25.93,26.91,22.5651047756,9246998
2015-12-17,26.91,27.08,26.425,26.48,22.2045326814,5395134
2015-12-18,26.39,26.45,25.84,25.9,21.7181796242,10141610
2015-12-21,26.14,26.34,25.730999999999998,26.03,21.8271897922,4147933
2015-12-22,26.16,26.46,25.7,26.25,22.011668538000002,5388913
2015-12-23,26.35,26.54,26.17,26.52,22.2380742716,3890878
2015-12-24,26.45,26.68,26.37,26.6,22.3051574519,1072633
2015-12-28,26.44,26.47,26.08,26.41,22.1458348987,2238780
2015-12-29,26.54,26.805,26.49,26.62,22.321928247,2872003
2015-12-30,26.49,26.66,26.26,26.3,22.0535955257,2062938
2015-12-31,26.22,26.49,26.14,26.19,21.9613561528,2307032
2016-01-04,25.71,25.99,25.455,25.8,21.6343256488,5598680
2016-01-05,25.77,25.95,25.52,25.68,21.5337008784,6389320
2016-01-06,25.3,25.53,25.15,25.28,21.1982849768,5418826
2016-01-07,24.79,24.915,24.3,24.59,20.6196925467,4976747
2016-01-08,24.81,24.88,23.66,23.82,19.974016936199998,10583671
2016-01-11,24.18,24.24,23.67,23.9,20.0411001165,6981390
2016-01-12,24.1,24.15,23.59,23.9,20.0411001165,7081660
2016-01-13,24.08,24.15,22.955,23.22,19.470893083900002,8078080
2016-01-14,23.34,23.38,22.6,22.9,19.202560362699998,9374018
2016-01-15,22.19,22.47,21.7,22.32,18.7162073055,12940826
2016-01-19,22.6,22.705,22.04,22.23,18.6407387277,9794335
2016-01-20,21.87,21.97,21.0,21.6,18.112458682699998,11156408
2016-01-21,21.63,21.84,21.125,21.33,17.8860529492,9818577
2016-01-22,21.65,21.8,19.75,20.78,17.424856084600002,23182214
2016-01-25,20.78,20.915,19.73,19.79,16.5947017283,12599250
2016-01-26,19.97,20.57,19.97,20.29,17.0139716052,16242092
2016-01-27,20.98,21.61,20.8,21.21,17.7854281787,33935356
2016-01-28,21.5,21.85,21.14,21.74,18.2298542483,21318123
2016-01-29,21.88,21.95,21.25,21.25,17.8189697689,94875312
2016-02-01,21.11,21.21,20.56,20.78,17.424856084600002,10618374
2016-02-02,20.51,20.62,20.08,20.21,17.0307424003,12990517
2016-02-03,20.27,20.305,19.25,20.05,16.8959121784,14336067
2016-02-04,20.04,20.55,19.89,20.23,17.047596178,9247739
2016-02-05,20.26,20.62,19.76,19.85,16.7273744011,8105887
2016-02-08,19.52,19.74,18.95,19.2,16.1796266247,10227045
2016-02-09,18.93,19.61,18.89,19.55,16.4745677351,10511868
2016-02-10,19.63,19.76,18.795,18.86,15.8931124032,10445868
2016-02-11,18.45,18.65,18.04,18.14,15.2863764048,8392723
2016-02-12,18.6,18.99,18.32,18.89,15.9183930698,9360754
2016-02-16,19.15,19.755,18.9,19.36,16.314456846600002,8897699
2016-02-17,19.59,20.25,19.45,19.65,16.5588366237,9440450
2016-02-18,19.67,19.81,18.96,19.11,16.1037846249,7980708
2016-02-19,19.11,19.3,18.885,19.24,16.2133341802,4536115
2016-02-22,19.57,19.82,19.44,19.8,16.685239956700002,4766951
2016-02-23,19.73,19.81,19.095,19.37,16.3228837355,6184355
2016-02-24,19.0,19.16,18.775,19.0,16.0110888474,5749510
2016-02-25,19.02,19.22,18.83,19.18,16.162772847,6750619
2016-02-26,19.3,20.11,18.99,19.74,16.634678623499997,11218643
2016-02-29,19.66,19.8,19.18,19.23,16.2049072913,4247957
2016-03-01,19.33,20.28,19.315,20.27,17.0813037335,7856768
2016-03-02,20.24,21.095,20.16,20.96,17.6627590653,8907820
2016-03-03,20.85,21.5599,20.82,21.44,18.0672497309,8729101
2016-03-04,21.64,22.23,21.585,21.93,18.4801672854,7150182
2016-03-07,21.7,21.86,21.41,21.53,18.1430917307,6164007
2016-03-08,21.26,21.26,20.53,20.92,17.629051509900002,9632262
2016-03-09,21.1,21.23,20.56,20.7,17.4436599548,5653364
2016-03-10,20.88,21.23,20.58,21.01,17.7048935097,5182233
2016-03-11,21.34,21.935,21.29,21.91,18.4633135077,5958877
2016-03-14,21.81,22.16,21.6,22.09,18.6149975073,4860811
2016-03-15,21.82,22.22,21.63,22.19,18.699266396,5750149
2016-03-16,22.01,22.55,21.58,21.61,18.2105068417,8255765
2016-03-17,21.5,21.815,21.13,21.73,18.3116295081,7425106
2016-03-18,21.93,22.24,21.76,22.08,18.6065706184,10236635
2016-03-21,22.11,22.25,21.73,22.0,18.5391555075,3721890
2016-03-22,21.86,22.07,21.56,21.93,18.4801672854,3745798
2016-03-23,21.93,21.965,21.55,21.69,18.2779219526,3020086
2016-03-24,21.44,21.7,21.22,21.59,18.1936530639,3906765
2016-03-28,21.67,21.73,21.27,21.39,18.025115286600002,3613668
2016-03-29,21.23,21.38,20.79,21.2,17.865004398099998,5997208
2016-03-30,21.21,21.355,20.98,21.25,17.9071388425,6099991
2016-03-31,21.2,21.21,20.74,20.95,17.654332176500002,4954843
2016-04-01,20.92,21.38,20.63,21.35,17.9914077311,4556757
2016-04-04,21.3,21.65,21.115,21.51,18.126237953,4721722
2016-04-05,21.28,21.345,20.69,20.76,17.494221288,6993184
2016-04-06,20.74,21.36,20.55,21.34,17.9829808423,6861695
2016-04-07,21.12,21.25,20.53,20.79,17.5195019546,6302281
2016-04-08,20.96,21.35,20.78,20.87,17.5869170655,5449882
2016-04-11,21.03,21.45,21.02,21.04,17.7301741763,2854345
2016-04-12,21.16,21.545,21.14,21.51,18.126237953,4149325
2016-04-13,21.75,22.74,21.66,22.6,19.0447688395,6202632
2016-04-14,22.58,23.28,22.45,22.82,19.230160394600002,5943774
2016-04-15,22.77,22.88,22.41,22.55,19.0026343952,5015196
2016-04-18,22.4,22.77,22.25,22.72,19.1458915059,3604564
2016-04-19,22.73,23.375,22.73,23.1,19.4661132829,8796360
2016-04-20,23.13,23.43,22.99,23.36,19.6852123934,7534540
2016-04-21,23.74,24.24,23.48,23.53,19.8284695042,8222281
2016-04-22,23.62,23.77,23.48,23.62,19.904311504000002,5180593
2016-04-25,23.58,23.63,23.13,23.38,19.7020661712,3325856
2016-04-26,23.48,23.645,23.33,23.55,19.8453232819,4066126
2016-04-27,23.52,23.83,23.345,23.62,19.904311504000002,4806546
2016-04-28,23.4,23.65,23.135,23.24,19.584089727000002,3265875
2016-04-29,23.08,23.26,22.71,22.85,19.2554410612,5315033
2016-05-02,22.84,23.09,22.57,23.06,19.5335283938,3123289
2016-05-03,22.68,22.75,22.29,22.51,19.0676376472,3869215
2016-05-04,22.25,22.34,21.635,21.99,18.6271591232,5202137
2016-05-05,22.0,22.2,21.78,22.11,18.7288080133,4871171
2016-05-06,21.91,22.22,21.77,22.09,18.711866531600002,3713931
2016-05-09,22.03,22.22,21.83,21.85,18.5085687513,2712382
2016-05-10,21.94,22.52,21.82,22.36,18.9405765345,10159336
2016-05-11,22.36,22.63,22.19,22.2,18.8050446809,3672646
2016-05-12,22.36,22.47,21.6,21.76,18.4323320837,5748915
2016-05-13,22.0,22.22,21.25,21.4,18.1273854132,6519596
2016-05-16,21.42,21.9,21.3,21.71,18.389978379400002,4284660
2016-05-17,21.59,22.09,21.46,21.82,18.4831565287,4167655
2016-05-18,21.74,23.14,21.74,23.13,19.5928235797,9873205
2016-05-19,22.94,23.485,22.62,22.9,19.3979965403,4818798
2016-05-20,22.99,23.41,22.86,22.98,19.465762467,3933631
2016-05-23,22.97,23.11,22.72,22.97,19.457291726199998,2941438
2016-05-24,23.12,23.57,23.03,23.25,19.6944724699,3165566
2016-05-25,23.4,23.855,23.26,23.69,20.0671850672,6771547
2016-05-26,23.68,23.71,23.27,23.35,19.7791798784,4663400
2016-05-27,23.43,23.62,23.26,23.59,19.9824776587,3513535
2016-05-31,23.76,23.81,23.35,23.55,19.9485946953,6726893
2016-06-01,23.28,23.71,22.96,23.6,19.9909483996,3950077
2016-06-02,23.55,23.88,23.29,23.83,20.185775439,3508196
2016-06-03,22.83,23.23,22.52,23.14,19.6012943206,7799762
2016-06-06,23.24,23.67,23.15,23.47,19.8808287685,5449887
2016-06-07,23.46,23.7,23.32,23.48,19.8892995094,3722474
2016-06-08,23.49,23.69,23.36,23.46,19.8723580277,3343393
2016-06-09,23.26,23.26,22.81,22.88,19.381055058599998,4449397
2016-06-10,22.55,22.69,22.27,22.46,19.025283942999998,4677612
2016-06-13,22.31,22.72,22.05,22.08,18.7033957908,5179736
2016-06-14,22.01,22.18,20.94,21.31,18.0511487455,8924669
2016-06-15,21.44,21.84,21.3,21.36,18.0935024498,6084902
2016-06-16,21.16,21.19,20.83,20.94,17.7377313342,4987969
2016-06-17,21.0,21.235,20.92,21.1,17.8732631877,9967994
2016-06-20,21.53,21.82,21.25,21.31,18.0511487455,6019362
2016-06-21,21.33,21.59,21.06,21.55,18.2544465259,6220181
2016-06-22,21.52,21.82,21.34,21.37,18.1019731906,4140742
2016-06-23,21.75,22.13,21.69,22.12,18.737278754200002,5342832
2016-06-24,20.47,20.82,19.95,19.95,16.8991279903,21596271
2016-06-27,19.56,19.56,18.34,18.44,15.6200461224,13062459
2016-06-28,18.91,19.28,18.615,18.97,16.0689953873,23334893
2016-06-29,19.25,19.59,18.86,19.52,16.534886133900002,8301046
2016-06-30,19.77,20.12,19.63,19.98,16.9245402128,10744060
2016-07-01,19.88,19.91,19.38,19.65,16.6450057649,5723874
2016-07-05,19.31,19.34,18.73,18.9,16.0097002013,5693220
2016-07-06,18.65,19.01,18.58,18.99,16.085936869,7896005
2016-07-07,18.99,19.44,18.99,19.42,16.4501787254,8140393
2016-07-08,19.79,20.01,19.525,19.85,16.8144205818,8867130
2016-07-11,20.03,20.225,19.94,20.12,17.043130584700002,4953424
2016-07-12,20.45,20.69,20.36,20.44,17.3141942918,6519902
2016-07-13,20.37,20.605,20.21,20.56,17.415843182,3949308
2016-07-14,21.0,21.36,20.82,20.99,17.7800850384,4670563
2016-07-15,21.14,21.27,20.95,20.98,17.7716142976,5157307
2016-07-18,20.94,21.08,20.74,20.98,17.7716142976,8284919
2016-07-19,20.77,21.18,20.77,21.03,17.8139680018,5204837
2016-07-20,21.06,21.53,20.84,21.32,18.059619486400003,8470988
2016-07-21,22.26,22.5,21.515,21.68,18.3645661569,12969693
2016-07-22,21.75,22.0,21.61,21.8,18.4662150471,6390709
2016-07-25,21.74,22.07,21.74,22.03,18.6610420865,5910735
2016-07-26,21.99,22.56,21.91,22.49,19.0506961655,6197893
2016-07-27,22.47,22.75,22.25,22.58,19.1269328331,8847093
2016-07-28,22.55,22.73,22.305,22.45,19.0168132021,6201336
2016-07-29,22.37,22.7301,22.28,22.33,18.915164312,4011661
2016-08-01,22.25,22.525,22.12,22.2,18.9066935711,4848107
2016-08-02,22.16,22.44,21.92,22.05,18.7789456416,5918515
2016-08-03,22.07,22.48,22.0,22.46,19.1281233156,4841279
2016-08-04,22.45,22.725,22.45,22.61,19.255871245199998,5901696
2016-08-05,22.95,23.45,22.86,23.39,19.9201604788,7330956
2016-08-08,23.49,23.69,23.38,23.45,19.9712596506,5396536
2016-08-09,23.38,23.59,23.28,23.49,20.0053257651,5153083
2016-08-10,23.45,23.53,23.16,23.25,19.8009290779,3478403
2016-08-11,23.29,23.52,23.1475,23.4,19.9286770074,3690978
2016-08-12,23.22,23.29,22.96,23.27,19.8179621351,3080134
2016-08-15,23.42,23.68,23.35,23.54,20.0479084083,4491218
2016-08-16,23.35,23.665,23.320999999999998,23.39,19.9201604788,4756536
2016-08-17,23.32,23.54,23.3189,23.44,19.9627431219,4241687
2016-08-18,23.46,23.595,23.32,23.39,19.9201604788,3797341
2016-08-19,23.31,23.62,23.2,23.58,20.0819745228,2948761
2016-08-22,23.56,23.62,23.37,23.5,20.013842293699998,3139056
2016-08-23,23.63,23.7599,23.505,23.53,20.039391879700002,4698184
2016-08-24,23.58,23.75,23.43,23.49,20.0053257651,4032565
2016-08-25,23.47,23.695,23.37,23.64,20.1330736946,2293573
2016-08-26,23.7,24.16,23.64,24.12,20.541867069200002,6155047
2016-08-29,24.2,24.69,24.18,24.46,20.8314290428,6644579
2016-08-30,24.52,24.81,24.08,24.73,21.061375315899998,4555296
2016-08-31,24.75,24.8,24.425,24.77,21.0954414305,6701934
2016-09-01,24.86,24.96,24.295,24.52,20.8825282146,4631168
2016-09-02,24.59,24.875,24.41,24.68,21.0187926727,4892083
2016-09-06,24.67,24.73,24.165,24.3,20.6951645846,4998250
2016-09-07,24.24,24.6425,24.15,24.57,20.9251108578,3645353
2016-09-08,24.62,24.94,24.505,24.92,21.22318936,4293836
2016-09-09,24.73,25.07,24.7,24.81,21.129507545,7103167
2016-09-12,24.6,25.11,24.33,25.07,21.3509372895,6584001
2016-09-13,24.72,24.79,24.22,24.62,20.967693500899998,6656558
2016-09-14,24.61,24.82,24.35,24.4,20.780329871,4671247
2016-09-15,24.31,24.62,24.26,24.48,20.848462100000003,5127004
2016-09-16,24.26,24.32,23.94,24.1,20.5248340119,8753901
2016-09-19,24.27,24.53,24.11,24.19,20.6014827696,4027867
2016-09-20,24.39,24.45,23.975,24.17,20.5844497123,4080291
2016-09-21,24.35,24.535,24.08,24.31,20.7036811132,3832624
2016-09-22,24.39,24.495,24.16,24.24,20.6440654128,4438076
2016-09-23,24.16,24.565,24.11,24.41,20.7888463996,4935688
2016-09-26,24.19,24.27,23.84,23.96,20.405602611,4708061
2016-09-27,23.9,24.33,23.81,24.31,20.7036811132,3868548
2016-09-28,24.31,24.47,23.89,24.41,20.7888463996,8700337
2016-09-29,24.47,24.59,23.84,24.05,20.4822513687,5070188
2016-09-30,24.28,24.82,24.12,24.71,21.0443422587,6661489
2016-10-03,24.57,24.72,24.42,24.6,20.9506604437,3174242
2016-10-04,24.67,25.34,24.64,24.99,21.2828050605,5959264
2016-10-05,25.15,25.68,25.05,25.57,21.7767637213,5297839
2016-10-06,25.59,25.79,25.33,25.69,21.878962064899998,3921249
2016-10-07,25.7,25.8,25.22,25.5,21.7171480209,4944021
2016-10-10,25.79,25.909000000000002,25.49,25.54,21.751214135399998,3131214
2016-10-11,25.54,25.76,24.83,24.96,21.2572554745,7271504
2016-10-12,24.99,25.485,24.95,25.25,21.504234805,4079366
2016-10-13,24.94,24.955,24.22,24.52,20.8825282146,4792400
2016-10-14,24.92,25.1,24.61,24.79,21.1124744877,3596539
2016-10-17,24.84,25.0,24.435,24.58,20.9336273864,3493837
2016-10-18,24.93,24.95,24.56,24.85,21.1635736596,3373867
2016-10-19,24.93,25.405,24.93,25.3,21.546817448200002,3578864
2016-10-20,25.19,25.74,25.14,25.55,21.759730664,6624095
2016-10-21,25.68,26.09,25.5,25.97,22.117424866700002,4308429
2016-10-24,26.36,26.49,26.17,26.35,22.441052954899998,5127085
2016-10-25,26.4,26.545,26.19,26.46,22.5347347699,4255926
2016-10-26,26.37,26.87,26.34,26.87,22.883912444,4994898
2016-10-27,27.06,27.21,26.77,26.87,22.883912444,5738041
2016-10-28,26.87,26.89,26.21,26.35,22.441052954899998,7858869
2016-10-31,26.38,26.54,26.25,26.34,22.5347347699,5903355
2016-11-01,26.52,26.85,26.34,26.84,22.9625011854,7868825
2016-11-02,26.63,26.66,25.87,26.1,22.3294068904,8422611
2016-11-03,26.26,26.505,26.155,26.27,22.474847471700002,4931416
2016-11-04,26.26,26.76,25.975,26.41,22.594622068099998,3643471
2016-11-07,26.94,27.37,26.94,27.35,23.3988229293,5132469
2016-11-08,26.82,27.155,26.46,26.95,23.056609796799997,5125092
2016-11-09,27.29,28.44,27.2,28.2,24.1260258356,12784899
2016-11-10,28.66,30.0,28.66,29.6,25.323771799099998,12026144
2016-11-11,29.42,30.0,29.05,29.85,25.5376550069,16252822
2016-11-14,30.13,31.01,30.085,30.88,26.4188538229,14672007
2016-11-15,30.5,31.165,30.09,30.94,26.4701857927,10089906
2016-11-16,30.35,30.79,30.26,30.73,26.2905238982,7471522
2016-11-17,30.73,31.8,30.69,31.73,27.1460567293,9743724
2016-11-18,31.81,32.135,31.65,31.97,27.3513846087,8228335
2016-11-21,32.23,32.23,31.7,31.93,27.317163295500002,4587275
2016-11-22,32.17,32.26,31.775,31.92,27.308607967199997,8293926
2016-11-23,31.99,32.63,31.82,32.4,27.719263726100003,5689655
2016-11-25,32.39,32.46,32.25,32.46,27.770595695900003,1506994
2016-11-28,32.14,32.36,31.69,31.78,27.188833370799998,5531038
2016-11-29,31.96,32.585,31.86,32.39,27.7107083978,5712861
2016-11-30,33.05,33.7,33.05,33.51,28.6689051685,7345119
2016-12-01,33.87,34.91,33.83,34.38,29.413218731500002,7613635
2016-12-02,34.54,34.54,33.81,34.15,29.2164461804,5881837
2016-12-05,34.55,34.75,33.89,34.15,29.2164461804,6612004
2016-12-06,34.61,34.81,34.22,34.7,29.6869892375,4585330
2016-12-07,34.73,35.08,34.125,35.06,29.994981056700002,6267057
2016-12-08,35.37,35.75,34.76,35.54,30.4056368156,6598605
2016-12-09,35.54,35.59,34.87,35.51,30.379970830599998,4745864
2016-12-12,35.08,35.69,34.76,35.01,29.952204415100002,4836054
2016-12-13,35.15,35.2,34.13,34.8,29.7725425206,6048221
2016-12-14,34.43,35.81,34.16,34.63,29.627101939299997,7098408
2016-12-15,35.12,35.81,34.58,35.4,30.285862219200002,6350220
2016-12-16,35.71,36.05,35.12,35.32,30.2174195927,13133350
2016-12-19,35.3,35.42,34.861,35.37,30.260196234299997,5258323
2016-12-20,35.72,36.13,35.58,36.08,30.8676245443,3430691
2016-12-21,36.05,36.1,35.695,36.02,30.816292574499997,2900265
2016-12-22,36.02,36.16,35.86,36.0,30.799181917800002,3788417
2016-12-23,36.02,36.33,35.91,36.33,31.081507752100002,1896804
2016-12-27,36.39,36.56,36.17,36.46,31.1927270201,1936175
2016-12-28,36.48,36.5188,35.88,36.0,30.799181917800002,2837804
2016-12-29,35.95,36.02,35.235,35.28,30.183198279499997,3783589
2016-12-30,35.34,35.67,35.15,35.63,30.4826347704,3394322
2017-01-03,36.44,37.08,35.56,35.86,30.6794073215,5046074
2017-01-04,36.03,36.25,35.83,36.17,30.9446224991,4354910
2017-01-05,36.02,36.255,35.225,35.72,30.5596327252,3725212
2017-01-06,35.91,36.08,35.71,35.91,30.7221839631,3623516
2017-01-09,35.63,35.83,35.15,35.68,30.525411411900002,3035709
2017-01-10,35.88,36.37,35.8,36.28,31.038731110500002,3730357
2017-01-11,36.17,36.37,35.84,36.27,31.030175782199997,4273259
2017-01-12,36.1,36.14,35.165,35.92,30.7307392914,3961655
2017-01-13,36.2,36.98,35.9,36.29,31.0472864389,5200780
2017-01-17,35.83,35.91,33.97,34.12,29.1907801955,8472301
2017-01-18,34.36,35.02,33.8,34.99,29.9350937585,6386108
2017-01-19,34.93,35.425,34.41,34.73,29.7126552224,5737292
2017-01-20,35.56,36.18,35.3,35.82,30.645186008299998,8164516
2017-01-23,35.6,35.97,35.38,35.89,30.7050733064,4893724
2017-01-24,35.96,36.41,35.875,36.3,31.055841767199997,6052454
2017-01-25,36.76,37.54,36.673,37.52,32.099591821,5714208
2017-01-26,37.51,37.95,37.21,37.54,32.1167024777,4795764
2017-01-27,37.43,37.48,36.87,36.99,31.6461594206,4278555
2017-01-30,36.54,36.76,35.9,36.53,31.2526143183,4981902
2017-01-31,36.33,36.87,35.87,36.17,31.064397095500002,4774894
2017-02-01,36.54,37.16,36.385,36.49,31.339227260500003,4795907
2017-02-02,36.19,36.22,35.65,36.04,30.9527473409,4356559
2017-02-03,36.81,36.905,36.36,36.79,31.596880540300003,3873692
2017-02-06,36.31,36.92,36.21,36.47,31.3220503752,4633578
2017-02-07,36.6,36.81,36.325,36.59,31.4251116871,3815843
2017-02-08,36.25,36.28,35.24,35.35,30.3601447975,8451798
2017-02-09,35.58,36.275,35.21,36.24,31.1245161941,5730961
2017-02-10,36.15,36.53,36.09,36.42,31.2791081619,3283755
2017-02-13,36.81,37.2,36.71,36.92,31.708530294899997,3506175
2017-02-14,36.92,38.07,36.77,37.98,32.6189052166,5148596
2017-02-15,38.1,38.43,37.76,38.37,32.9538544803,3841115
2017-02-16,38.11,38.395,37.98,38.25,32.8507931684,2756895
2017-02-17,37.72,37.84,37.45,37.84,32.4986670194,5495882
2017-02-21,38.01,38.23,37.615,38.05,32.679024315300005,4622419
2017-02-22,37.81,37.94,37.51,37.67,32.3526634942,5248697
2017-02-23,37.84,37.86,36.77,37.25,31.9919489026,5960935
2017-02-24,36.75,37.16,36.46,36.65,31.4766423431,7559256
2017-02-27,36.77,37.26,36.66,37.19,31.9404182466,4015415
2017-02-28,37.0,37.435,36.82,37.37,32.0950102145,4450208
2017-03-01,38.42,39.75,38.34,39.59,34.001644484699995,7133705
2017-03-02,39.68,39.74,38.01,38.05,32.679024315300005,5930197
2017-03-03,38.24,38.53,38.13,38.31,32.9023238244,4489447
2017-03-06,38.07,38.45,37.75,38.27,32.8679700537,2722995
2017-03-07,38.22,38.35,37.76,37.97,32.610316774,2628290
2017-03-08,38.57,38.64,37.77,37.85,32.5072554621,3445588
2017-03-09,37.99,38.26,37.54,37.73,32.4041941502,2948870
2017-03-10,38.06,38.14,36.97,37.64,32.3268981663,4472991
2017-03-13,37.59,37.87,37.2886,37.37,32.0950102145,4176324
2017-03-14,37.2,37.26,36.73,37.19,31.9404182466,3378105
2017-03-15,37.4,37.63,36.65,36.78,31.588292097600004,5339984
2017-03-16,37.06,37.31,36.77,37.1,31.8631222627,3363746
2017-03-17,37.05,37.2,36.42,36.62,31.4508770151,13510146
2017-03-20,36.5,36.65,36.1,36.23,31.115927751399997,5881912
2017-03-21,36.52,36.61,34.21,34.36,29.509888974299997,7594756
2017-03-22,34.12,34.9,33.45,34.43,29.5700080729,7066744
2017-03-23,34.3,35.27,34.06,34.57,29.6902462701,4736803
2017-03-24,34.79,34.93,34.02,34.51,29.638715614200002,4923007
2017-03-27,33.45,34.31,32.99,34.24,29.406827662399998,5075264
2017-03-28,34.08,35.29,34.05,35.03,30.0853146324,4379412
2017-03-29,35.0,35.18,33.86,34.49,29.6215387289,11159005
2017-03-30,34.55,35.25,34.31,34.88,29.9564879925,5519289
2017-03-31,34.67,35.03,34.41,34.55,29.6730693848,5060880
2017-04-03,34.64,35.0,34.09,34.82,29.9049573366,5149443
2017-04-04,34.57,35.15,34.4,34.9,29.9736648779,4646104
2017-04-05,35.34,35.55,34.37,34.38,29.5270658596,4949100
2017-04-06,34.37,35.04,34.15,34.92,29.990841763200002,3104308
2017-04-07,34.54,34.91,34.3,34.63,29.741776926100002,3748075
2017-04-10,34.62,35.09,34.2,34.38,29.5270658596,3944929
2017-04-11,34.12,34.38,33.63,34.38,29.5270658596,4157559
2017-04-12,34.29,34.34,33.5,33.73,28.968817086799998,4051829
2017-04-13,33.56,34.14,33.24,33.24,28.5479833966,3882518
2017-04-17,33.28,33.96,33.135,33.92,29.1319974973,3349579
2017-04-18,33.64,34.09,33.35,33.7,28.943051758800003,4819030
2017-04-19,34.04,34.4867,33.89,34.22,29.3896507771,7394225
2017-04-20,34.65,35.75,34.65,35.27,30.2914372562,5213078
2017-04-21,35.28,35.5,34.525,34.9,29.9736648779,7131085
2017-04-24,36.09,36.57,35.655,35.85,30.7895669304,7965255
2017-04-25,36.48,36.65,36.15,36.45,31.304873489899997,7062782
2017-04-26,36.34,37.1,36.32,36.8,31.605468983,5824552
2017-04-27,36.82,36.94,36.25,36.77,31.579703655,7425976
2017-04-28,36.77,37.25,36.59,36.71,31.528172999000002,7567031
2017-05-01,36.99,37.48,36.9,37.13,32.0091257879,4659405
2017-05-02,37.09,37.33,36.53,36.84,31.7591218429,3857299
2017-05-03,36.6,37.3,36.46,37.21,32.0780923934,3536923
2017-05-04,37.68,38.01,37.27,37.34,32.1901631274,3838626
2017-05-05,37.42,37.49,36.83,36.97,31.8711925769,3097201
2017-05-08,37.02,37.62,37.02,37.36,32.207404778800004,2760631
2017-05-09,37.41,37.69,37.02,37.18,32.0522299164,2613679
2017-05-10,37.05,37.25,36.83,37.21,32.0780923934,2499448
2017-05-11,37.04,37.175,36.51,37.0,31.897055053899997,2625528
2017-05-12,36.8,36.8,36.0,36.65,31.5953261548,3326555
2017-05-15,36.72,37.08,36.63,37.02,31.914296705300004,3529876
2017-05-16,37.09,37.31,36.72,37.08,31.9660216594,3484400
2017-05-17,35.48,36.07,34.35,34.57,29.8021944112,9940387
2017-05-18,34.32,35.03,34.32,34.46,29.7073653286,6094746
2017-05-19,34.69,35.01,34.43,34.57,29.8021944112,5268969
2017-05-22,34.79,34.96,34.291,34.57,29.8021944112,4214528
2017-05-23,34.68,35.29,34.41,35.09,30.250477347100002,4375460
2017-05-24,35.19,35.19,34.45,34.63,29.8539193653,4131718
2017-05-25,34.7,34.97,34.45,34.57,29.8021944112,3952385
2017-05-26,34.51,34.82,34.34,34.64,29.862540191,4865221
2017-05-30,34.42,34.51,34.12,34.25,29.526327989099997,6637351
2017-05-31,34.34,34.39,33.49,34.1,29.3970156038,5641676
2017-06-01,34.27,34.7,33.97,34.5,29.7418486314,4069004
2017-06-02,34.18,34.4,33.76,34.13,29.4228780808,5802237
2017-06-05,34.18,34.48,33.97,33.98,29.293565695500003,4939852
2017-06-06,33.64,34.08,33.4,33.86,29.190115787199996,3274136
2017-06-07,34.05,34.71,33.81,34.52,29.7590902827,3641983
2017-06-08,34.53,36.03,34.39,35.62,30.707381108699998,5822736
2017-06-09,35.89,36.7399,35.87,36.34,31.3280805584,4730728
2017-06-12,36.35,36.98,36.2,36.61,31.560842851999997,6392409
2017-06-13,36.88,37.18,36.71,36.88,31.7936051456,3774454
2017-06-14,36.54,36.605,35.61,36.58,31.534980374899998,5384254
2017-06-15,36.33,36.995,36.32,36.71,31.647051108899998,3166570
2017-06-16,36.75,36.78,36.29,36.37,31.3539430354,5082566
2017-06-19,36.65,36.99,36.38,36.55,31.5091178979,3128049
2017-06-20,36.29,36.49,35.84,35.94,30.9832475308,3046395
2017-06-21,36.05,36.06,35.15,35.2,30.3453064297,3829279
2017-06-22,35.14,35.2,34.535,34.98,30.155648264499998,4439895
2017-06-23,35.14,35.21,34.05,34.49,29.7332278057,9024438
2017-06-26,34.6,35.0,34.4,34.66,29.879781842399996,6662132
2017-06-27,34.92,35.28,34.72,34.84,30.0349567048,3570918
2017-06-28,35.18,35.65,35.1,35.34,30.4659979893,5179317
2017-06-29,36.18,36.73,35.18,35.65,30.733243585700002,5572229
2017-06-30,35.89,36.01,35.29,35.68,30.7591060628,3264557
2017-07-03,35.89,36.755,35.76,36.54,31.500497072199998,2328727
2017-07-05,36.66,37.055,36.21,36.88,31.7936051456,5106931
2017-07-06,36.87,37.25,36.53,36.6,31.5522220263,4148289
2017-07-07,36.73,37.13,36.39,37.07,31.9574008338,4017287
2017-07-10,36.93,37.25,36.71,37.05,31.9401591824,4071760
2017-07-11,37.11,37.21,36.56,36.73,31.6642927603,3533064
2017-07-12,36.6,36.61,36.08,36.52,31.4832554208,3103628
2017-07-13,36.64,36.93,36.4,36.85,31.7677426686,2863834
2017-07-14,36.22,36.46,35.79,36.24,31.241872301500003,2957224
2017-07-17,36.16,36.36,35.88,36.09,31.1125599161,2802476
2017-07-18,35.81,35.8868,35.29,35.59,30.6815186316,3129739
2017-07-19,35.78,35.78,34.91,35.27,30.405652209499998,3632187
2017-07-20,35.25,35.415,34.82,35.25,30.3884105581,4703760
2017-07-21,35.19,35.9,34.325,34.48,29.72460698,6809356
2017-07-24,34.55,35.58,34.5,35.45,30.5608270719,4735604
2017-07-25,36.14,36.32,35.695,35.85,30.905660099499997,5165852
2017-07-26,36.01,36.03,35.0,35.17,30.319443952600004,3994990
2017-07-27,35.25,35.51,34.695,35.04,30.2073732186,5024644
2017-07-28,35.04,35.21,34.75,34.94,30.1211649617,2692070
2017-07-31,35.0,35.27,34.835,35.08,30.3970313838,3425535
2017-08-01,35.37,35.4,34.965,35.22,30.518342227399998,2970277
2017-08-02,35.19,35.625,35.12,35.62,30.8649446377,3555451
2017-08-03,35.53,35.655,35.15,35.22,30.518342227399998,4180739
2017-08-04,35.62,36.3,35.53,35.62,30.8649446377,3699105
2017-08-07,35.62,35.72,35.34,35.35,30.6309880108,4085814
2017-08-08,35.27,36.06,35.215,35.34,30.622322950500003,3419935
2017-08-09,34.96,35.09,34.7,35.03,30.3537060825,2549138
2017-08-10,34.64,34.84,33.67,33.71,29.2099181285,4233861
2017-08-11,33.73,34.04,33.22,33.39,28.932636200300003,4100907
2017-08-14,33.91,34.62,33.795,34.22,29.6518362017,3058863
2017-08-15,34.65,34.91,33.97,33.99,29.452539815700003,3181097
2017-08-16,34.15,34.39,33.8,33.95,29.4178795747,2966524
2017-08-17,33.85,33.995,32.77,32.81,28.430062705300003,4144628
2017-08-18,32.75,33.415,32.46,33.06,28.6466892118,3965387
2017-08-21,33.06,33.11,32.6,32.7,28.3347470425,6608464
2017-08-22,32.96,33.47,32.91,33.42,28.958631381100002,4822638
2017-08-23,33.14,34.0,33.08,33.5,29.0279518631,3887554
2017-08-24,33.68,34.05,33.54,34.0,29.461204876,5448148
2017-08-25,34.11,34.37,33.84,33.85,29.3312289721,2763519
2017-08-28,33.94,33.98,33.29,33.47,29.0019566823,5151913
2017-08-29,32.92,33.43,32.67,33.31,28.863315718200003,4444359
2017-08-30,33.34,33.8,33.34,33.39,28.932636200300003,3165685
2017-08-31,33.59,33.65,33.11,33.13,28.7073446336,3604382
2017-09-01,33.28,33.9,33.15,33.61,29.1232675259,2883529
2017-09-05,33.41,33.45,32.51,32.65,28.291421741199997,3952331
2017-09-06,32.89,33.18,32.61,32.77,28.3954024643,3686646
2017-09-07,32.69,32.74,31.51,32.08,27.7975133065,5204050
2017-09-08,32.12,33.02,32.12,32.81,28.430062705300003,5447335
2017-09-11,33.24,33.77,33.08,33.46,28.9932916221,4376739
2017-09-12,33.63,34.75,33.61,34.48,29.8771277684,5612065
2017-09-13,34.3,34.955,34.22,34.69,30.0590940338,4051115
2017-09-14,34.96,35.34,34.74,34.78,30.1370795761,5488006
2017-09-15,34.69,35.17,34.42,35.16,30.466351865900002,6685750
2017-09-18,35.18,35.72,35.13,35.59,30.838949457,3527879
2017-09-19,35.62,36.01,35.47,35.82,31.0382458429,4236117
2017-09-20,35.85,35.976,35.035,35.79,31.0122506621,8700210
2017-09-21,35.83,36.385,35.81,36.27,31.4281735545,4271103
2017-09-22,36.09,36.52,36.03,36.35,31.4974940365,2554698
2017-09-25,36.32,36.66,36.06,36.46,31.5928096994,3911987
2017-09-26,36.54,37.01,36.36,36.82,31.9047518687,4179905
2017-09-27,37.52,37.645,37.115,37.22,32.251354279,4282351
2017-09-28,37.35,37.43,36.78,37.07,32.1213783751,3758596
2017-09-29,37.17,38.055,37.055,37.87,32.8145831957,5565538
2017-10-02,37.53,37.7,36.92,37.22,32.251354279,9020795
2017-10-03,37.25,37.4,36.74,36.84,31.922081989200002,6928770
2017-10-04,36.12,36.77,36.1,36.57,31.688125362199997,11394777
2017-10-05,36.68,37.33,36.47,37.13,32.1733687366,4741830
2017-10-06,37.31,37.68,37.07,37.49,32.4853109059,5040926
2017-10-09,37.6,37.81,37.14,37.31,32.3293398213,3664571
2017-10-10,37.34,37.86,37.275,37.81,32.7625928342,3643542
2017-10-11,37.58,37.74,37.18,37.45,32.450650664899996,4003282
2017-10-12,37.54,37.68,37.04,37.16,32.1993639174,2868070
2017-10-13,37.0,37.335,36.51,36.98,32.0433928328,3742593
2017-10-16,37.04,37.3082,36.92,37.05,32.1040482546,3366059
2017-10-17,37.24,37.25,36.6,36.68,31.783441025,3277828
2017-10-18,36.88,37.32,36.65,37.18,32.2166940379,5668667
2017-10-19,36.8,37.53,36.68,37.43,32.4333205444,4612911
2017-10-20,38.35,38.7,37.74,38.33,33.2131759676,6985947
2017-10-23,38.51,38.82,38.355,38.5,33.3604819919,8124599
2017-10-24,38.61,38.94,38.3,38.37,33.2478362086,6127548
2017-10-25,38.4,38.54,37.675,38.025,32.9488916297,4936729
2017-10-26,38.3,38.99,38.19,38.51,33.3691470522,4345223
2017-10-27,38.37,38.54,38.22,38.45,33.3171566906,2464170
2017-10-30,38.25,38.4,37.8925,38.08,32.9965494611,3720625
2017-10-31,37.97,38.345,37.91,38.01,33.0918651239,3188235
2017-11-01,38.21,38.98,38.12,38.37,33.405284525300004,5282122
2017-11-02,38.26,38.875,37.9,38.74,33.7274100211,3349512
2017-11-03,38.68,39.1,38.53,38.82,33.7970587769,2949547
2017-11-06,38.69,38.9,38.48,38.72,33.7099978321,2232409
2017-11-07,38.8,38.99,37.55,37.67,32.795857911599995,4868907
2017-11-08,37.45,37.57,36.98,37.31,32.4824385102,5021596
2017-11-09,36.97,37.32,36.46,36.81,32.0471337862,4764533
2017-11-10,36.85,37.0816,36.62,36.68,31.933954557899998,3410749
2017-11-13,36.47,37.28,36.25,37.2,32.386671471,4689042
2017-11-14,37.02,38.14,36.92,38.07,33.1441016908,4899558
2017-11-15,37.68,38.35,37.4,38.14,33.2050443522,4187266
2017-11-16,38.5,38.74,37.91,37.92,33.0135102736,3584283
2017-11-17,37.65,38.37,37.57,38.17,33.2311626357,2093233
2017-11-20,38.31,38.49,38.1,38.25,33.3008113915,3572381
2017-11-21,38.37,38.37,37.79,37.9,32.996098084699995,4695269
2017-11-22,38.0,38.245,37.8,37.83,32.935155423299996,2848153
2017-11-24,38.02,38.09,37.615,37.75,32.8655066674,807183
2017-11-27,37.74,37.87,37.465,37.63,32.7610335337,2257051
2017-11-28,37.75,38.84,37.715,38.78,33.762234399,4978685
2017-11-29,39.25,41.08,39.11,40.67,35.407686256,8737030
2017-11-30,41.08,41.77,40.66,40.7,35.433804539499995,13191012
2017-12-01,40.9,41.19,39.42,40.69,35.425098445,6694642
2017-12-04,41.49,42.52,41.32,41.85,36.4350054048,6494481
2017-12-05,41.83,42.09,40.74,40.89,35.5992203346,6164635
2017-12-06,40.67,40.91,40.24,40.63,35.3728618781,4265187
2017-12-07,40.41,41.44,40.27,41.43,36.0693494366,4692245
2017-12-08,41.64,41.8,41.18,41.74,36.3392383655,3051161
2017-12-11,41.7,41.92,41.16,41.42,36.0606433421,3249604
2017-12-12,41.66,42.205,41.42,41.92,36.4959480662,3999985
2017-12-13,41.9,42.34,41.31,41.34,35.9909945863,3980666
2017-12-14,41.58,41.74,40.7,40.87,35.5818081456,3620718
2017-12-15,41.29,42.19,41.02,41.7,36.3044139876,8968604
2017-12-18,42.04,42.72,41.73,42.03,36.5917151055,3790138
2017-12-19,42.56,42.835,42.06,42.08,36.6352455779,5067068
2017-12-20,42.58,42.67,41.75,41.93,36.5046541607,2389762
2017-12-21,42.39,42.93,42.195,42.6,37.087962490900004,4034127
2017-12-22,42.85,42.91,42.21,42.63,37.1140807744,3590347
2017-12-26,42.63,42.92,42.34,42.52,37.0183137351,2404011
2017-12-27,42.45,42.52,42.15,42.36,36.8790162234,1788627
2017-12-28,42.43,42.46,42.1,42.44,36.948664979200004,1459860
2017-12-29,42.44,42.66,41.95,41.98,36.5481846331,2507611
2018-01-02,42.35,42.68,42.02,42.68,37.157611246799995,4410866
2018-01-03,42.57,43.29,42.44,43.17,37.584209876399996,6188420
2018-01-04,43.58,44.33,43.39,43.68,38.0282206949,6402521
2018-01-05,43.89,44.24,43.65,43.88,38.202342584600004,7314370
2018-01-08,43.8,44.27,43.63,44.06,38.3590522852,4725735
2018-01-09,44.17,44.85,44.01,44.19,38.4722315135,4942445
2018-01-10,44.34,45.46,44.28,44.9,39.0903642217,2705023
2018-01-11,45.06,45.305,44.63,45.3,39.438608000900004,3286271
2018-01-12,45.61,45.79,45.29,45.52,39.6301420795,2267332
2018-01-16,45.79,45.93,44.945,45.25,39.395077528499996,2958415
2018-01-17,45.52,46.01,44.83,45.84,39.9087371029,3728350
2018-01-18,45.95,46.125,45.22,45.76,39.8390883471,6063819
2018-01-19,46.14,47.32,45.64,46.82,40.7619343621,7779128
2018-01-22,47.24,47.87,47.01,47.81,41.6238377158,4149900
2018-01-23,47.69,48.14,47.3,47.87,41.676074282600005,3859565
2018-01-24,48.07,48.23,47.12,47.38,41.2494756531,6987448
2018-01-25,47.6,47.641999999999996,46.34,46.67,40.6313429449,5602319
2018-01-26,46.8,47.015,46.41,46.95,40.8751135904,3930879
2018-01-29,46.83,47.17,46.66,46.75,40.7009917007,3722814
2018-01-30,46.41,46.95,46.155,46.17,40.1960382208,3707807
2018-01-31,46.05,46.69,45.78,45.9,40.152507748400005,4147525
2018-02-01,45.91,46.85,45.76,46.81,40.948559644899994,6551054
2018-02-02,46.65,47.06,45.765,46.02,40.257481624899995,6058581
2018-02-05,45.08,46.245,43.57,43.68,38.210491033800004,5775199
2018-02-06,42.5,45.08,41.48,44.6,39.0152907533,8285521
2018-02-07,44.33,45.39,43.7,44.84,39.2252385063,6545771
2018-02-08,44.89,45.02,42.17,42.19,36.907065401,4680649
2018-02-09,42.94,43.48,41.49,43.05,37.6593781823,6866932
2018-02-12,43.51,44.52,43.15,43.96,38.4554300789,4343296
2018-02-13,43.53,44.42,43.39,44.39,38.831586469499996,3238804
2018-02-14,44.01,45.89,44.01,45.85,40.1087686332,6281532
2018-02-15,46.33,46.64,45.6,46.02,40.257481624899995,3020736
2018-02-16,45.73,46.56,45.73,45.93,40.1787512175,2791535
2018-02-20,45.89,46.61,45.69,46.09,40.3187163861,4777534
2018-02-21,45.98,46.96,45.76,46.3,40.50242067,4462092
2018-02-22,46.53,46.79,45.37,45.45,39.7588557116,2453000
2018-02-23,45.71,46.44,45.66,46.43,40.6161423695,2357320
2018-02-26,46.525,46.62,43.82,44.54,38.9628038151,14437263
2018-02-27,44.52,45.46,43.75,43.75,38.271725795,13826300
2018-02-28,44.17,44.7,43.47,43.49,38.044282396,7866285
2018-03-01,43.54,44.53,43.21,43.53,38.079273688200004,7400863
2018-03-02,43.14,44.275,42.58,44.18,38.6478821857,5850779
2018-03-05,43.73,45.08,43.38,44.86,39.2427341524,5293323
2018-03-06,45.16,45.51,44.44,45.32,39.6451340121,3843548
2018-03-07,44.76,45.56,44.6,45.44,39.7501078886,3468164
2018-03-08,45.68,45.9,44.56,45.22,39.5576557818,3571023
2018-03-09,45.58,46.315,45.33,46.26,40.4674293778,4132302
2018-03-12,46.3,46.66,46.11,46.15,40.3712033244,3545309
2018-03-13,46.47,46.55,45.625,45.73,40.0037947567,3026226
2018-03-14,45.86,45.91,44.99,45.13,39.4789253744,5004555
2018-03-15,45.37,45.46,44.76,44.96,39.3302123827,3121268
2018-03-16,45.08,45.65,44.85,44.87,39.2514819754,6239720
2018-03-19,44.86,45.06,44.27,44.91,39.2864732675,3142596
2018-03-20,45.19,45.42,44.69,44.77,39.164003745,2044747
2018-03-21,44.77,45.56,44.53,44.92,39.2952210906,3592500
2018-03-22,44.29,44.53,42.865,42.95,37.5718999519,5373732
2018-03-23,43.1,43.1,41.185,41.27,36.1022656814,5119319
2018-03-26,42.03,43.225,41.71,43.12,37.7206129436,6161710
2018-03-27,43.25,43.42,41.2,41.59,36.3821960186,4969233
2018-03-28,41.8,41.97,40.8,41.55,36.3472047265,5276044
2018-03-29,41.82,42.17,41.42,41.98,36.7233611172,6672880
2018-04-02,41.94,42.0,40.45,41.1,35.9535526897,4659684
2018-04-03,41.25,41.966,41.075,41.81,36.574648125500005,3581141
2018-04-04,41.25,42.87,41.07,42.77,37.4144391372,4959172
2018-04-05,43.06,43.36,42.49,43.02,37.6331347132,5229441
2018-04-06,42.33,42.485,40.98,41.48,36.2859699652,5383223
2018-04-09,41.71,42.75,41.665,41.74,36.5134133642,4324145
2018-04-10,42.5,42.93,42.18,42.7,37.353204376,3649184
2018-04-11,42.25,42.51,42.05,42.18,36.8983175779,3161856
2018-04-12,42.63,43.495,42.59,43.24,37.8255868201,3778529
2018-04-13,43.52,43.62,42.03,42.28,36.9857958083,3787183
2018-04-16,42.7,42.93,41.96,42.37,37.0645262157,2919064
2018-04-17,42.63,42.755,40.82,41.29,36.1197613275,7108337
2018-04-18,41.38,41.825,40.7,41.03,35.8923179285,6786859
2018-04-19,41.14,41.985,41.07,41.86,36.6183872407,5860660
2018-04-20,42.0,42.51,41.52,41.98,36.7233611172,5391458
2018-04-23,42.56,43.01,42.3,42.51,37.186995738200004,5521116
2018-04-24,42.89,43.51,41.7,42.27,36.977047985300004,5980792
2018-04-25,42.14,42.81,41.62,42.52,37.1957435613,3772948
2018-04-26,42.44,42.61,41.94,41.98,36.7233611172,3832061
2018-04-27,41.95,42.49,41.83,42.47,37.1520044461,3442211
2018-04-30,42.63,42.82,41.49,41.49,36.2947177883,2836105
2018-05-01,41.1,41.34,40.33,40.95,36.014787451,7339348
2018-05-02,40.96,41.87,40.905,41.01,36.0675563704,5698569
2018-05-03,40.67,40.99,39.98,40.41,35.5398671769,4179914
2018-05-04,40.17,41.35,39.91,41.03,36.085146010100004,2738923
2018-05-07,41.12,41.37,40.7,41.07,36.1203252897,2592934
2018-05-08,41.16,41.9,40.925,41.32,36.340195787,3656366
2018-05-09,41.56,42.34,41.41,42.17,37.087755477600005,3177045
2018-05-10,42.17,42.58,41.715,42.36,37.2548570556,2610287
2018-05-11,42.47,42.6,42.19,42.4,37.290036335100005,2430286
2018-05-14,42.62,42.65,42.16,42.34,37.2372674158,2365776
2018-05-15,42.28,43.12,42.25,42.72,37.571470571599995,3501122
2018-05-16,42.52,42.85,42.295,42.54,37.4131638136,2905983
2018-05-17,42.41,42.72,42.08,42.5,37.377984534,3580414
2018-05-18,42.32,42.47,41.56,41.56,36.5512714643,3456706
2018-05-21,41.77,42.215,41.6,41.89,36.8415005207,3849985
2018-05-22,41.99,42.58,41.98,42.19,37.1053451174,3424484
2018-05-23,42.02,42.24,41.49,41.79,36.7535523218,6262850
2018-05-24,41.59,41.7,40.66,41.54,36.5336818245,4452926
2018-05-25,41.3,41.595,41.04,41.51,36.5072973649,3596990
2018-05-29,40.99,41.03,39.07,39.41,34.6603851879,6899710
2018-05-30,40.25,40.63,39.91,40.44,35.5662516366,4363090
2018-05-31,40.7,41.0,40.22,40.85,35.9268392521,9028511
2018-06-01,41.46,42.06,41.36,41.63,36.6128352036,4173919
2018-06-04,41.76,42.04,41.67,41.91,36.8590901605,4778261
2018-06-05,41.78,41.98,41.06,41.49,36.489707725100004,4022276
2018-06-06,41.6,42.51,41.6,42.38,37.272446695300005,3702134
2018-06-07,42.55,42.72,41.82,41.91,36.8590901605,4811018
2018-06-08,41.77,42.04,41.57,41.98,36.9206538997,4135600
2018-06-11,42.23,42.57,41.74,41.85,36.8063212411,4652557
2018-06-12,41.97,42.53,41.845,42.21,37.1229347572,5631754
2018-06-13,42.33,42.865,41.79,41.84,36.7975264213,5709188
2018-06-14,42.09,42.18,40.98,41.4,36.4105543461,5402873
2018-06-15,41.33,41.82,40.5,41.7,36.6743989428,8035203
2018-06-18,41.34,42.1,41.068000000000005,41.85,36.8063212411,4824871
2018-06-19,41.34,41.88,41.17,41.75,36.7183730422,4108541
2018-06-20,42.1,42.23,41.69,41.89,36.8415005207,4323347
2018-06-21,41.69,42.19,41.23,41.93,36.8766798003,2774665
2018-06-22,41.92,42.2,41.1,41.18,36.2170683085,5759636
2018-06-25,41.03,41.08,40.26,40.85,35.9268392521,7724411
2018-06-26,40.88,40.99,39.92,40.14,35.3024070399,6471380
2018-06-27,40.02,40.59,39.48,39.56,34.792307486300004,4854455
2018-06-28,39.68,39.9,39.3,39.51,34.7483333868,3799043
2018-06-29,39.85,40.25,38.84,38.9,34.2118493735,6868665
2018-07-02,38.7,39.41,38.65,39.38,34.6340007282,4336664
2018-07-03,39.39,39.7,38.93,38.96,34.2646182928,1695625
2018-07-05,39.27,39.51,38.96,39.18,34.4581043304,4981459
2018-07-06,38.97,39.53,38.71,39.35,34.607616268600005,3668890
2018-07-09,39.54,40.665,39.44,40.5,35.6190205559,4627634
2018-07-10,40.6,40.825,39.795,40.04,35.214458841,2984211
2018-07-11,39.8,40.28,39.71,39.79,34.9945883437,3094711
2018-07-12,40.13,40.15,39.4,39.57,34.8011023061,5138997
2018-07-13,39.4,39.72,38.95,39.36,34.6164110884,4342633
2018-07-16,39.61,40.24,39.52,39.98,35.1616899216,4278735
2018-07-17,39.98,40.41,39.91,40.04,35.214458841,3965737
2018-07-18,40.07,41.07,40.07,41.04,36.09394083,4275141
2018-07-19,40.94,40.99,40.2,40.66,35.759737674200004,5817932
2018-07-20,41.1,41.22,39.76,40.2,35.355175959200004,5895742
2018-07-23,40.11,40.77,40.11,40.53,35.6454050156,5402149
2018-07-24,40.62,40.66,39.87,40.04,35.214458841,7864740
2018-07-25,39.97,40.14,39.53,39.92,35.1089210023,4642537
2018-07-26,40.0,40.57,39.905,39.96,35.1441002819,4712608
2018-07-27,40.11,40.57,39.8,40.1,35.2672277603,4102700
2018-07-30,40.24,40.33,39.986,40.07,35.2408433007,4518008
2018-07-31,40.02,40.07,39.41,39.78,35.2232536609,3591933
2018-08-01,40.03,40.415,39.83,39.92,35.3472168462,4074277
2018-08-02,39.52,40.415,39.42,40.29,35.674833836,3448009
2018-08-03,40.12,40.47,40.1,40.42,35.7899425081,4111979
2018-08-06,40.4,40.4,39.85,40.13,35.5331616242,3613443
2018-08-07,40.22,40.77,40.2,40.41,35.7810879949,3367096
2018-08-08,40.39,41.12,40.36,41.01,36.3123587892,2952033
2018-08-09,40.93,41.1,40.565,40.59,35.9404692332,2686531
2018-08-10,40.02,40.44,39.8,40.27,35.6571248095,2143279
2018-08-13,40.27,40.56,39.82,39.84,35.2763807403,2496384
2018-08-14,39.95,40.595,39.8764,40.4,35.7722334816,3017315
2018-08-15,40.06,40.25,39.62,39.75,35.1966901212,4199147
2018-08-16,40.02,40.61,40.0,40.46,35.8253605611,3501820
2018-08-17,40.39,40.765,40.27,40.69,36.029014365500004,2269443
2018-08-20,40.63,40.87,40.56,40.85,36.1706865774,2091177
2018-08-21,40.87,41.57,40.83,41.27,36.5425761333,3270272
2018-08-22,41.08,41.31,40.91,41.25,36.524867106900004,2521399
2018-08-23,41.23,41.31,40.8,41.04,36.3389223289,2713155
2018-08-24,41.21,41.33,40.89,40.95,36.259231709699996,3289997
2018-08-27,41.05,41.73,41.05,41.43,36.6842483452,2517360
2018-08-28,41.59,41.76,41.28,41.5,36.7462299378,3138574
2018-08-29,41.59,41.59,40.95,41.13,36.418612948,3487302
2018-08-30,41.15,41.21,40.81,40.92,36.23266817,3080600
2018-08-31,40.8,41.28,40.55,41.16,36.4451764877,2660267
2018-09-04,41.25,41.42,40.88,41.23,36.507158080399996,2875405
2018-09-05,41.23,41.67,41.14,41.48,36.7285209113,3801827
2018-09-06,41.52,41.67,41.073,41.19,36.471740027399996,2612173
2018-09-07,41.36,41.36,40.795,41.01,36.3123587892,3539049
2018-09-10,41.13,41.14,40.675,40.76,36.090995958200004,1942657
2018-09-11,40.74,41.27,40.67,41.03,36.330067815599996,4956935
2018-09-12,40.99,41.26,40.21,40.36,35.7368154287,4408017
2018-09-13,40.5,40.56,39.61,39.77,35.214399147600005,5480323
2018-09-14,39.86,40.49,39.73,40.14,35.5420161375,3618437
2018-09-17,40.25,40.25,39.84,39.89,35.3206533065,2463969
2018-09-18,39.95,40.125,39.645,39.81,35.2498172006,3395024
2018-09-19,39.87,40.6,39.77,40.42,35.7899425081,3341687
2018-09-20,40.66,41.17,40.58,41.03,36.330067815599996,3011926
2018-09-21,41.13,41.17,40.81,40.98,36.2857952494,5111482
2018-09-24,40.87,41.13,40.29,40.41,35.7810879949,3091095
2018-09-25,40.58,40.62,40.12,40.14,35.5420161375,2652038
2018-09-26,40.35,40.35,39.35,39.41,34.8956366711,3972137
2018-09-27,39.43,39.52,38.84,38.93,34.4706200356,3575758
2018-09-28,38.67,39.02,38.47,38.57,34.1518575591,4718790
2018-10-01,38.8,39.02,38.17,38.36,33.9659127811,3386078
2018-10-02,38.24,38.52,37.97,38.07,33.709131897199995,4212245
2018-10-03,38.4,39.09,38.135,38.83,34.3820749033,4659220
2018-10-04,38.86,39.69,38.82,39.1,34.6211467607,4085140
2018-10-05,39.27,39.45,38.565,38.78,34.3378023371,2960894
2018-10-08,38.7,39.38,38.57,39.23,34.7362554328,2324787
2018-10-09,39.1,39.355,38.84,38.97,34.5060380886,3448236
2018-10-10,39.1,39.41,38.14,38.16,33.7888225163,5224447
2018-10-11,37.98,38.15,36.855,36.99,32.7528444675,7640074
2018-10-12,37.99,37.99,35.25,36.11,31.9736473025,7469577
2018-10-15,36.09,36.36,35.655,35.85,31.7434299583,5712834
2018-10-16,36.02,36.06,35.05,35.71,31.619466773000003,7528129
2018-10-17,35.67,36.37,35.2,35.89,31.778848011300003,6389587
2018-10-18,35.71,35.95,34.875,34.92,30.919960227199997,7503627
2018-10-19,35.66,36.89,35.41,36.37,32.2038646467,6619841
2018-10-22,37.1,37.29,35.65,35.77,31.6725938524,9609252
2018-10-23,35.34,36.51,35.15,36.24,32.0887559746,8937134
2018-10-24,36.09,36.22,34.96,35.03,31.017359872800004,7255869
2018-10-25,35.25,36.269,35.25,35.89,31.778848011300003,5659597
2018-10-26,35.57,36.11,35.29,35.86,31.7522844716,5802118
2018-10-29,36.4,36.74,35.77,36.16,32.0179198687,5344957
2018-10-30,36.14,36.39,35.55,36.33,32.4075184512,5997650
2018-10-31,36.75,37.92,36.73,37.35,33.3173909758,6488563
2018-11-01,37.6,37.89,37.21,37.41,33.370912889,5536930
2018-11-02,37.79,38.17,37.11,37.52,33.469036396599996,4679720
2018-11-05,37.44,37.88,37.29,37.73,33.6563630929,2738533
2018-11-06,37.55,37.98,37.38,37.73,33.6563630929,6468293
2018-11-07,37.91,38.25,37.255,38.14,34.0220961665,2674300
2018-11-08,38.03,38.64,37.75,38.3,34.164821268400004,3891054
2018-11-09,38.16,38.56,37.84,38.06,33.9507336155,3382246
2018-11-12,38.0,38.29,37.56,37.62,33.5582395853,4984595
2018-11-13,37.62,38.21,37.58,37.69,33.6206818174,3582009
2018-11-14,37.82,37.92,35.91,36.21,32.3004746248,8901619
2018-11-15,35.9,36.58,35.51,36.58,32.6305264229,6490567
2018-11-16,36.31,36.53,36.09,36.26,32.3450762191,5821447
2018-11-19,36.27,36.59,35.515,35.95,32.0685463342,5897163
2018-11-20,35.65,35.84,35.08,35.23,31.4262833756,5510620
2018-11-21,35.49,35.96,34.82,35.5,31.667131985100003,3497139
2018-11-23,35.18,35.53,35.02,35.19,31.3906021001,1597596
2018-11-26,35.71,36.49,35.65,36.06,32.1666698417,7782704
2018-11-27,36.06,36.5,35.79,36.05,32.1577495229,4302048
2018-11-28,36.04,36.56,35.5,36.43,32.496721639899995,4260621
2018-11-29,36.08,36.38,35.875,36.03,32.1399088851,4320034
2018-11-30,36.04,36.67,35.83,36.36,32.434279407800005,5518340
2018-12-03,36.9,37.11,36.19,36.55,32.603765466300004,5414894
2018-12-04,36.24,36.44,34.07,34.44,30.721578184899997,7394401
2018-12-06,33.87,34.25,33.0,33.78,30.1328371396,7859596
2018-12-07,33.66,34.03,32.795,33.01,29.4459725867,5178498
2018-12-10,32.82,32.86,31.55,32.05,28.5896219752,7212747
2018-12-11,32.39,32.82,31.525,31.68,28.2595701771,6133110
2018-12-12,32.13,32.3,31.57,31.63,28.2149685827,5630636
2018-12-13,31.64,31.75,30.75,30.88,27.5459446676,6163381
2018-12-14,30.52,31.15,30.07,30.26,26.9928848977,5923700
2018-12-17,30.0,30.72,29.7905,30.08,26.832319158,6460164
2018-12-18,30.27,30.64,29.67,29.81,26.5914705486,7932111
2018-12-19,29.69,30.28,28.8,29.0,25.8689247202,6758951
2018-12-20,28.84,29.3,28.475,28.85,25.735119937199997,6704632
2018-12-21,28.86,29.37,28.36,28.52,25.440749414499997,10894099
2018-12-24,28.26,28.51,27.755,27.94,24.9233709201,4308834
2018-12-26,28.11,29.56,27.62,29.49,26.3060203448,6940512
2018-12-27,29.05,29.59,28.49,29.58,26.3863032146,6005892
2018-12-28,29.68,30.04,29.29,29.57,26.377382895700002,5821534
2018-12-31,29.63,30.07,29.27,29.73,26.520107997600004,5720153
2019-01-02,29.43,30.57,29.265,30.51,27.2158928694,4878769
2019-01-03,30.43,30.91,30.11,30.37,27.0910084052,4573608
2019-01-04,30.99,31.74,30.89,31.62,28.206048263899998,4521411
2019-01-07,31.64,32.38,31.35,32.01,28.553940699800002,7386988
2019-01-08,32.09,32.38,31.46,32.01,28.553940699800002,4106102
2019-01-09,32.4,32.52,31.88,32.43,28.9285940923,4651157
2019-01-10,32.4,32.591,31.815,32.24,28.7591080338,6308946
2019-01-11,32.01,32.87,31.96,32.63,29.1070004696,6311753
2019-01-14,32.32,33.325,32.22,33.06,29.490574181,6985364
2019-01-15,32.98,33.14,32.45,33.1,29.5262554565,4303320
2019-01-16,33.53,34.13,33.29,33.95,30.2844825604,4819142
2019-01-17,33.79,34.11,33.27,33.9,30.239880965999998,7548915
2019-01-18,34.2,35.48,33.99,35.43,31.604689753000002,9676272
2019-01-22,35.29,35.57,34.85,35.18,31.381681781199998,6488900
2019-01-23,35.45,35.59,34.635,34.95,31.1765144473,5164013
2019-01-24,34.85,35.28,34.8,35.15,31.3549208246,3912922
2019-01-25,35.46,35.77,35.16,35.44,31.613610071799997,3418886
2019-01-28,35.2,35.54,35.07,35.34,31.5244068832,3565550
2019-01-29,35.07,35.37,35.02,35.05,31.265717635999998,3907509
2019-01-30,34.87,35.12,34.49,34.57,31.122992534,3849194
2019-01-31,34.26,34.45,33.37,33.92,30.537804650100004,6826208
2019-02-01,34.08,34.44,33.9,34.19,30.780882694200002,7465247
2019-02-04,34.25,34.48,34.02,34.45,31.0149578478,3595780
2019-02-05,34.46,34.6,34.17,34.38,30.9519376141,3200292
2019-02-06,34.25,34.665,34.25,34.52,31.077978081399998,3488190
2019-02-07,35.02,36.02,35.01,35.58,32.0322844768,9760577
2019-02-08,35.34,35.68,34.82,35.32,31.798209323200002,4829186
2019-02-11,35.53,35.59,35.29,35.45,31.9152469,3125765
2019-02-12,35.8,36.15,35.72,36.02,32.4284116597,4723228
2019-02-13,36.01,36.49,35.925,36.31,32.6894954848,5670317
2019-02-14,35.96,36.26,35.555,35.9,32.3203769735,6129854
2019-02-15,36.27,36.74,36.15,36.7,33.0406082152,3192836
2019-02-19,36.55,37.15,36.35,37.08,33.382718055,4750645
2019-02-20,37.01,37.7,36.765,37.66,33.9048857053,4372749
2019-02-21,37.7,37.73,37.105,37.23,33.5177614129,4322587
2019-02-22,37.28,37.36,36.85,37.23,33.5177614129,4017517
2019-02-25,37.6,37.68,37.04,37.04,33.3467064929,3694869
2019-02-26,36.83,37.17,36.57,36.69,33.031605324699996,3734358
2019-02-27,36.8,37.09,36.53,37.03,33.3377036024,2860667
2019-02-28,37.15,37.17,36.84,36.94,33.2566775877,3530254
2019-03-01,37.22,37.58,36.78,37.0,33.3106949309,3402978
2019-03-04,37.06,37.5,36.51,36.85,33.175651573,3609980
2019-03-05,36.78,36.839,36.02,36.54,32.8965619669,3525565
2019-03-06,36.44,36.521,35.69,35.73,32.1673278346,3178889
2019-03-07,35.44,35.49,34.835,34.92,31.4380937023,4455506
2019-03-08,34.53,34.91,34.42,34.76,31.294047454,4147203
2019-03-11,34.94,35.185,34.65,35.1,31.6001457317,2968683
2019-03-12,35.24,35.41,34.895,35.06,31.5641341696,3449348
2019-03-13,35.31,35.665,35.02,35.5,31.960261352600003,3441977
2019-03-14,35.55,35.88,35.435,35.74,32.1763307251,3821076
2019-03-15,35.68,36.02,35.575,35.87,32.2933683019,4576410
2019-03-18,36.02,36.53,36.0,36.4,32.7705214995,3817719
2019-03-19,36.77,36.78,35.7,35.74,32.1763307251,3404926
2019-03-20,35.62,35.785,34.25,34.26,30.8439029279,6006251
2019-03-21,34.06,34.06,33.21,33.28,29.9616196567,6460760
2019-03-22,33.05,33.05,31.31,31.77,28.6021831879,7395314
2019-03-25,31.82,32.18,31.295,31.61,28.4581369396,6415768
2019-03-26,31.92,32.33,31.66,32.22,29.0073132614,8749330
2019-03-27,32.07,32.22,31.635,31.99,28.800246779400002,5496999
2019-03-28,32.1,32.46,31.87,32.43,29.1963739624,4110396
2019-03-29,32.76,32.83,32.375,32.5,29.259394196,3937972
2019-04-01,32.82,33.845,32.8,33.75,30.3847555113,4948956
2019-04-02,33.74,34.33,33.5,34.01,30.6188306648,4505264
2019-04-03,34.54,34.84,33.99,34.15,30.744871132100002,4978449
2019-04-04,34.02,34.985,34.02,34.7,31.2400301108,4368845
2019-04-05,34.68,34.94,34.23,34.58,31.1319954246,3839699
2019-04-08,34.42,34.86,34.35,34.67,31.213021439299997,2533000
2019-04-09,34.39,34.58,33.775,33.96,30.573816212199997,4010859
2019-04-10,34.13,34.28,33.585,34.11,30.70885957,5313436
2019-04-11,34.3,34.72,34.01,34.36,30.9339318331,5809545
2019-04-12,35.04,35.36,34.21,35.06,31.5641341696,4808947
2019-04-15,35.06,35.18,34.325,34.45,31.0149578478,3685560
2019-04-16,34.58,34.92,33.875,34.9,31.420087921300002,5238693
2019-04-17,34.86,35.1,34.57,35.0,31.510116826500003,6190186
2019-04-18,35.19,35.89,34.93,35.36,31.834220885300002,7898277
2019-04-22,35.48,35.875,35.06,35.7,32.140319163,7448889
2019-04-23,35.57,36.21,35.41,36.1,32.5004347839,5423921
2019-04-24,35.94,36.03,35.525,35.81,32.2393509588,3669359
2019-04-25,35.56,36.03,35.29,35.72,32.158324944099995,2680614
2019-04-26,35.76,36.18,35.52,35.97,32.3833972071,3017573
2019-04-29,36.1,36.63,36.066,36.39,32.761518609,3033396
2019-04-30,36.17,36.336,35.7,36.2,32.8785561858,5657667
2019-05-01,36.18,36.59,35.63,35.89,32.5969994892,5024085
2019-05-02,35.9,36.465,35.88,36.25,32.9239685562,4030715
2019-05-03,36.42,36.89,36.33,36.8,33.4235046309,4094728
2019-05-06,35.89,36.82,35.89,36.59,33.2327726751,3381557
2019-05-07,36.06,36.35,35.715,35.9,32.6060819633,3006453
2019-05-08,35.71,36.05,35.38,35.67,32.3971850593,4487677
2019-05-09,35.28,35.94,35.08,35.82,32.5334221706,4440337
2019-05-10,35.75,36.15,35.24,36.05,32.742319074499996,4004983
2019-05-13,35.25,35.47,34.46,34.52,31.3527005396,4058129
2019-05-14,34.51,35.31,34.44,34.91,31.706917028899998,3412897
2019-05-15,34.42,34.555,33.725,34.21,31.071143843,3971849
2019-05-16,34.43,35.07,34.42,34.76,31.570679917600003,3301302
2019-05-17,34.31,35.12,34.31,34.76,31.570679917600003,3463276
2019-05-20,34.61,35.08,34.605,34.85,31.6524221844,2657829
2019-05-21,35.19,35.495,35.08,35.27,32.033886095999996,3425351
2019-05-22,34.94,35.08,34.68,34.88,31.6796696067,2069484
2019-05-23,34.5,34.5,33.76,34.02,30.8985768354,4072065
2019-05-24,34.2,34.51,34.015,34.44,31.2800407469,3329869
2019-05-28,34.26,34.47,33.75,33.76,30.662432509200002,3341370
2019-05-29,33.34,34.005,33.125,33.95,30.8349995168,2929408
2019-05-30,33.96,34.27,33.29,33.52,30.4444531312,2777050
2019-05-31,32.72,33.12,32.535,32.58,29.5907005672,3362152
2019-06-03,32.48,33.41,32.36,33.1,30.062989219600002,4301472
2019-06-04,33.65,34.59,33.58,34.54,31.370865487800003,3276742
2019-06-05,34.57,34.57,33.785,34.31,31.1619685838,3846975
2019-06-06,34.21,34.56,33.715,34.41,31.252793324699997,3257232
2019-06-07,34.26,34.28,33.805,33.86,30.75325725,2455515
2019-06-10,34.32,34.76,34.18,34.46,31.298205695100002,7128121
2019-06-11,34.65,35.23,34.63,34.84,31.6433397103,2841221
2019-06-12,34.82,35.02,34.59,34.75,31.5615974436,4132781
2019-06-13,34.98,35.17,34.7,34.88,31.6796696067,3314625
2019-06-14,34.9,35.13,34.305,34.97,31.7614118734,2701218
2019-06-17,35.02,35.24,34.3,34.38,31.225545902399997,1625629
2019-06-18,34.27,35.34,34.1,35.29,32.0520510441,3578297
2019-06-19,35.53,35.93,34.59,34.67,31.488937650900002,3834183
2019-06-20,34.77,35.01,33.88,34.96,31.7523293993,3969577
2019-06-21,34.91,35.235,34.75,34.79,31.597927339899996,5422872
2019-06-24,34.72,35.125,34.38,34.46,31.298205695100002,3906201
2019-06-25,34.38,34.52,33.76,34.34,31.1892160061,3060627
2019-06-26,34.48,34.89,34.37,34.39,31.2346283765,3707143
2019-06-27,34.57,35.02,34.535,34.77,31.5797623917,3405690
2019-06-28,35.36,35.75,34.67,35.36,32.1156283627,5347571
2019-07-01,35.79,36.295,35.27,35.6,32.3336077407,4676769
2019-07-02,35.43,35.565,34.775,35.02,31.8068242438,4293428
2019-07-03,35.14,35.58,34.94,35.51,32.251865474,1999016
2019-07-05,35.95,36.42,35.79,35.89,32.5969994892,2758963
2019-07-08,35.58,36.07,35.5,35.6,32.3336077407,3583616
2019-07-09,35.5,36.065,35.26,35.99,32.68782423,4464500
2019-07-10,35.5,35.82,34.98,34.99,31.7795768216,5848834
2019-07-11,35.0,35.735,34.99,35.56,32.2972778444,4703148
2019-07-12,35.52,35.88,35.22,35.75,32.469844852,4561958
2019-07-15,35.67,35.67,34.955,35.08,31.8613190883,4817897
2019-07-16,35.17,35.24,34.7,34.94,31.734164451199998,5662360
2019-07-17,34.77,34.855,34.33,34.35,31.1982984802,3716327
2019-07-18,34.58,34.92,34.31,34.62,31.4435252805,6625961
2019-07-19,35.74,36.95,35.25,36.83,33.4507520531,11779504
2019-07-22,36.53,36.76,36.24,36.58,33.223690201,5762013
2019-07-23,36.74,37.32,36.64,37.16,33.7504736979,4325462
2019-07-24,37.15,37.97,37.1,37.62,34.168267505799996,3464386
2019-07-25,37.75,38.055,36.94,37.02,33.6233190607,4723950
2019-07-26,37.35,37.81,37.25,37.68,34.2227623503,4073941
2019-07-29,37.93,37.99,37.39,37.53,34.086525239000004,3642181
2019-07-30,36.91,37.7,36.74,37.64,34.513401521,3316093
2019-07-31,37.54,37.85,37.185,37.26,34.1649665429,4179581
2019-08-01,37.07,37.36,35.56,35.68,32.716210581,8110366
2019-08-02,35.54,35.7,35.05,35.51,32.560331775,4264210
2019-08-05,34.85,34.91,34.19,34.62,31.7442603788,9130097
2019-08-06,34.86,34.99,34.135,34.78,31.8909698433,5100377
2019-08-07,33.8,33.87,32.845,33.23,30.469721906,7405795
2019-08-08,33.56,34.08,33.45,33.5,30.7172941274,7174310
2019-08-09,33.33,33.55,32.835,33.31,30.5430766383,3720879
2019-08-12,32.82,32.95,32.53,32.68,29.9654081219,2327100
2019-08-13,32.66,33.66,32.42,33.13,30.3780284907,4608919
2019-08-14,32.16,32.27,31.365,31.72,29.085151334899997,6806758
2019-08-15,31.91,32.1,31.345,31.42,28.810071089,5329632
2019-08-16,31.79,32.625,31.7,32.4,29.708666559,3488353
2019-08-19,33.09,33.26,32.835,32.95,30.2129803432,3192185
2019-08-20,32.73,32.77,32.27,32.3,29.616973143699997,3400636
2019-08-21,32.67,32.77,32.335,32.6,29.8920533896,3191438
2019-08-22,32.89,33.09,32.4,32.77,30.047932195599998,3007273
2019-08-23,32.82,33.08,31.61,31.77,29.1309980426,3569583
2019-08-26,32.1,32.295,31.87,32.21,29.5344490699,2638096
2019-08-27,32.38,32.46,31.66,31.89,29.2410301409,4478107
2019-08-28,31.79,33.085,31.71,32.86,30.1304562694,4576907
2019-08-29,33.14,33.72,33.11,33.49,30.7081247858,5173949
2019-08-30,33.83,34.4,33.68,33.74,30.9373583241,5538054
2019-09-03,33.34,33.41,32.53,32.89,30.157964294,3175558
2019-09-04,33.16,33.38,32.97,33.25,30.488060589099998,2947268
2019-09-05,34.01,34.715,33.8,34.2,31.3591480345,3905860
2019-09-06,34.23,34.52,33.99,34.14,31.304131985300003,2867239
2019-09-09,34.52,35.82,34.31,35.72,32.7528879471,3788168
2019-09-10,36.0,36.645,35.83,36.28,33.2663710729,3675464
2019-09-11,36.5,36.64,35.68,36.21,33.2021856821,4343098
2019-09-12,35.59,36.665,35.35,36.37,33.3488951466,5281217
2019-09-13,36.96,37.34,36.71,36.83,33.770684857,4076807
2019-09-16,36.28,37.0,36.2,36.96,33.8898862969,2605556
2019-09-17,36.68,36.68,36.075,36.4,33.376403171199996,3145559
2019-09-18,36.09,36.85,35.97,36.61,33.5689593434,4079661
2019-09-19,36.27,36.77,36.09,36.17,33.165508316,3677725
2019-09-20,36.24,36.37,35.76,35.88,32.8995974116,7296404
2019-09-23,35.42,36.08,35.23,35.87,32.8904280701,3163343
2019-09-24,35.84,35.99,35.08,35.27,32.3402675783,5736936
2019-09-25,35.29,35.835,35.23,35.6,32.642855848800004,3811274
2019-09-26,35.46,35.59,35.13,35.16,32.2394048214,4140563
2019-09-27,35.5,35.96,35.17,35.38,32.441130335100006,5140197
2019-09-30,35.64,35.7,35.26,35.37,32.4319609936,2787642
2019-10-01,35.67,35.83,34.18,34.2,31.3591480345,4442043
2019-10-02,33.9,33.99,33.355,33.5,30.7172941274,4625368
2019-10-03,33.18,33.44,32.47,33.43,30.653108736700002,5095774
2019-10-04,33.4,33.8,33.07,33.76,30.955697007199998,3146726
2019-10-07,33.62,34.28,33.555,33.94,31.120745154699996,5768770
2019-10-08,33.02,33.285,32.58,32.58,29.873714706599998,8396188
2019-10-09,32.88,33.19,32.67,32.99,30.2496577093,4362409
2019-10-10,33.3,33.96,33.25,33.77,30.9648663487,5415431
2019-10-11,34.58,34.925,34.27,34.48,31.6158895974,4511757
2019-10-14,34.25,34.7,34.065,34.56,31.6892443296,2313938
2019-10-15,34.74,35.34,34.52,35.12,32.2027274553,3284091
2019-10-16,35.12,35.54,34.88,35.13,32.2118967968,5819605
2019-10-17,35.41,35.41,34.655,35.01,32.1018646985,4952934
2019-10-18,35.09,35.51,34.71,35.32,32.3861142859,5639873
2019-10-21,35.78,36.11,35.47,35.58,32.6245171657,4050879
2019-10-22,35.57,36.195,35.18,35.94,32.9546134608,4057647
2019-10-23,35.76,36.03,35.57,35.98,32.9912908269,4059441
2019-10-24,36.0,36.1,35.4,35.58,32.6245171657,4546137
2019-10-25,35.42,36.07,35.42,35.85,32.872089386999995,3011398
2019-10-28,36.07,36.55,36.01,36.17,33.165508316,4089141
2019-10-29,35.5,36.07,35.5,35.73,33.0921535838,3173216
2019-10-30,35.65,35.71,35.09,35.5,32.8791338434,3665094
2019-10-31,35.22,35.5,34.555,35.16,32.5642350967,4221247
2019-11-01,35.6,36.05,35.45,36.05,33.3885288748,4214323
2019-11-04,36.5,37.16,36.36,37.15,34.4073189375,4688058
2019-11-05,37.34,37.99,37.29,37.9,35.1019485258,5501756
2019-11-06,37.75,37.845,37.38,37.68,34.8981905132,4004552
2019-11-07,38.15,38.54,38.07,38.19,35.3705386332,5517541
2019-11-08,38.16,38.62,37.87,38.52,35.676175652,4517997
2019-11-11,38.07,38.61,38.065,38.38,35.546511462199994,2493800
2019-11-12,38.31,38.63,38.09,38.39,35.555773190100005,3244509
2019-11-13,37.88,38.121,37.64,37.9,35.1019485258,2707617
2019-11-14,37.68,37.77,37.38,37.57,34.796311506900004,3335373
2019-11-15,37.82,38.025,37.655,38.0,35.1945658042,2607834
2019-11-18,37.91,38.11,37.745,38.0,35.1945658042,2613886
2019-11-19,38.13,38.25,37.87,38.03,35.2223509877,2165146
2019-11-20,37.75,38.155,37.44,38.0,35.1945658042,4196928
2019-11-21,38.31,38.36,37.745,38.11,35.2964448105,2528349
2019-11-22,38.21,38.66,38.11,38.59,35.7410077469,2435925
2019-11-25,38.6,38.89,38.43,38.74,35.8799336646,3652121
2019-11-26,38.56,38.7,38.35,38.49,35.6483904685,3028277
2019-11-27,38.7,38.84,38.445,38.65,35.796578114,2646036
2019-11-29,38.5,38.65,38.39,38.46,35.620605285,1550514
2019-12-02,38.65,38.92,38.25,38.31,35.4816793673,3575322
2019-12-03,37.69,37.865,37.24,37.76,34.9722843359,3662719
2019-12-04,37.94,38.545,37.85,38.36,35.5279880065,3211362
2019-12-05,38.6,38.7,38.39,38.56,35.7132225634,3348343
2019-12-06,39.27,39.53,39.01,39.03,36.148523772,2992427
2019-12-09,38.86,39.16,38.86,38.95,36.0744299493,2226237
2019-12-10,38.93,39.475,38.81,39.33,36.4263756073,3643678
2019-12-11,39.37,39.44,39.03,39.14,36.2504027783,2698057
2019-12-12,39.3,40.65,39.23,40.56,37.565568131999996,3768986
2019-12-13,40.46,40.92,39.91,40.12,37.1580521069,3424695
2019-12-16,40.75,40.87,40.29,40.29,37.3155014803,3793472
2019-12-17,40.36,40.79,40.18,40.53,37.5377829485,4544997
2019-12-18,40.64,40.87,40.4,40.4,37.417380486599995,3257053
2019-12-19,40.44,40.62,40.28,40.31,37.334024936,4159183
2019-12-20,40.57,40.88,40.31,40.54,37.5470446764,6282673
2019-12-23,40.62,40.69,40.26,40.44,37.4544273979,1815134
2019-12-24,40.54,40.56,40.3,40.51,37.5192594928,1177826
2019-12-26,40.6,40.82,40.46,40.75,37.7415409611,1674820
2019-12-27,40.79,40.79,40.405,40.48,37.491474309299996,1400692
2019-12-30,40.79,40.79,40.35,40.43,37.4451656701,1674413
2019-12-31,40.44,40.716,40.36,40.61,37.611876771300004,1924472
2020-01-02,40.72,40.78,40.19,40.75,37.7415409611,2903807
2020-01-03,40.0,40.16,39.54,39.91,36.9635558222,2768122
2020-01-06,39.8,39.8,39.22,39.7,36.7690595375,2739000
2020-01-07,39.53,39.8,39.285,39.45,36.5375163415,3266734
2020-01-08,39.49,40.015,39.46,39.76,36.8246299046,5653813
2020-01-09,40.06,40.165,39.8,40.02,37.0654348285,2667423
2020-01-10,40.05,40.08,39.455,39.52,36.6023484364,2004015
2020-01-13,39.58,39.97,39.35,39.86,36.917247183,3404271
2020-01-14,39.85,40.15,39.63,40.01,37.0561731007,2887423
2020-01-15,39.53,39.55,38.79,38.98,36.102215132800005,4466166
2020-01-16,39.3,39.73,39.1,39.59,36.6671805313,5869078
2020-01-17,40.79,41.29,40.23,40.87,37.8526816952,7556253
2020-01-21,40.62,40.67,40.04,40.09,37.1302669234,4493332
2020-01-22,40.24,40.44,40.049,40.15,37.185837290500004,5494838
2020-01-23,39.95,40.1,39.32,39.86,36.917247183,4050091
2020-01-24,39.75,39.86,38.75,39.13,36.241141050500005,4790135
2020-01-27,38.14,38.64,38.02,38.1,35.2871830826,4654855
2020-01-28,37.95,38.405,37.67,38.01,35.5650349179,3714605
2020-01-29,38.08,38.3,37.565,37.62,35.2001213789,2555421
2020-01-30,37.15,37.99,37.11,37.91,35.4714673438,9264963
2020-01-31,37.39,37.725,37.035,37.28,34.8819916269,5990984
2020-02-03,37.61,38.045,37.595,37.68,35.256261923400004,4277177
2020-02-04,38.52,38.92,38.235,38.29,35.8270241254,2855678
2020-02-05,38.96,39.55,38.84,39.51,36.9685485295,2963166
2020-02-06,39.82,39.87,38.69,38.72,36.2293646941,3180695
2020-02-07,38.4,38.66,38.186,38.42,35.9486619718,2354900
2020-02-10,38.2,38.54,38.13,38.49,36.0141592736,2980092
2020-02-11,38.7,39.27,38.59,39.0,36.4913539016,2716848
2020-02-12,39.29,39.46,38.73,38.88,36.3790728126,2068257
2020-02-13,38.68,38.95,38.54,38.95,36.444570114499996,3005600
2020-02-14,38.87,39.035,38.43,38.67,36.182580906999995,2089129
2020-02-18,38.29,38.55,37.62,37.96,35.518251130900005,4455732
2020-02-19,38.16,38.55,37.9,38.35,35.8831646699,4542070
2020-02-20,38.13,38.94,38.12,38.78,36.2855052385,3906687
2020-02-21,38.43,38.49,37.43,37.61,35.1907646215,3261162
2020-02-24,36.29,36.44,35.845,36.06,33.7404672228,4538488
2020-02-25,35.99,36.075,34.295,34.44,32.2246725223,6157283
2020-02-26,34.7,34.8,33.62,33.69,31.522915716500002,6767150
2020-02-27,32.7,33.786,32.2,32.44,30.3533210402,7733491
2020-02-28,31.51,32.32,30.905,31.69,29.651564234400002,12008061
2020-03-02,31.68,33.34,31.16,33.32,31.1767156923,8307773
2020-03-03,33.04,33.58,31.01,31.15,29.146299334200002,10007330
2020-03-04,31.66,31.855,30.46,31.71,29.6702777492,8414035
2020-03-05,30.56,30.73,29.37,29.77,27.855066811500002,8732464
2020-03-06,28.28,29.16,27.475,27.98,26.180207235,8335696
2020-03-09,24.97,24.97,22.24,22.76,21.2959798667,9952634
2020-03-10,24.12,25.53,23.37,25.41,23.7755205805,11834716
2020-03-11,24.45,24.83,22.86,23.34,21.8386717965,11994789
2020-03-12,21.61,23.37,20.14,21.25,19.8831094977,9385402
2020-03-13,23.45,23.85,21.53,23.66,22.138088033600003,9319826
2020-03-16,19.62,20.496,18.51,18.51,17.3193579671,8465828
2020-03-17,19.01,19.66,16.88,19.11,17.8807634118,9616568
2020-03-18,17.67,18.09,14.12,15.32,14.3345523531,8283290
2020-03-19,14.7,18.18,14.565,17.37,16.2526876223,8480244
2020-03-20,17.76,18.48,16.495,17.52,16.3930389835,18779532
2020-03-23,17.68,17.68,15.39,15.87,14.849174010699999,7120894
2020-03-24,17.45,17.81,16.467,17.8,16.655028191,7612351
2020-03-25,18.21,18.7,17.12,17.71,16.5708173743,11161515
2020-03-26,17.93,20.955,17.57,20.72,19.3872013549,10039117
2020-03-27,19.38,20.74,19.04,19.96,18.676087791700002,7035632
2020-03-30,19.62,19.85,18.74,19.65,18.386028311900002,6643094
2020-03-31,19.42,19.965,18.405,18.81,17.6000606894,6219748
2020-04-01,17.48,17.79,16.96,17.3,16.1871903204,5805636
2020-04-02,17.2,18.345,16.91,17.42,16.2994714094,7065500
2020-04-03,17.29,17.79,16.58,16.94,15.850347053699998,4615937
2020-04-06,18.24,19.13,17.97,18.79,17.5813471746,7723647
2020-04-07,20.63,21.11,19.34,19.53,18.273747223,7126890
2020-04-08,19.92,20.66,19.72,20.53,19.2094229641,5693446
2020-04-09,21.62,22.855999999999998,21.48,22.11,20.687790635,6535953
2020-04-13,22.2,22.24,20.74,21.19,19.826968953199998,4721811
2020-04-14,21.67,21.85,19.86,20.33,19.0222878159,6595479
2020-04-15,19.1,19.27,18.5,18.58,17.384855269000003,6313597
2020-04-16,18.43,18.52,17.15,17.19,16.0842659889,7332170
2020-04-17,17.77,20.3,17.77,19.87,18.591876975,12657511
2020-04-20,19.07,20.89,18.54,20.3,18.994217543599998,10178504
2020-04-21,19.32,19.94,18.95,19.29,18.0491850452,6203283
2020-04-22,20.05,20.26,19.43,19.58,18.3205310101,5812213
2020-04-23,19.92,20.93,19.85,20.25,18.947433756600002,5598196
2020-04-24,20.57,20.995,20.16,20.6,19.274920266,6454154
2020-04-27,20.84,22.655,20.78,22.43,20.9872068721,7674903
2020-04-28,23.14,23.69,22.2,22.29,21.2211258074,7818939
2020-04-29,23.4,23.95,22.86,23.33,22.2112546023,6214236
2020-04-30,22.49,23.0,21.78,22.39,21.3163304992,5289518
2020-05-01,21.63,21.73,21.09,21.42,20.3928449885,4264540
2020-05-04,21.0,21.38,20.61,21.2,20.1833946665,5863032
2020-05-05,21.74,22.4,21.1,21.18,20.1643537281,5820234
2020-05-06,21.46,21.67,20.32,20.54,19.5550437005,4197369
2020-05-07,20.89,22.055,20.89,21.25,20.2309970124,4983612
2020-05-08,21.93,22.415,21.695,22.2,21.1354415847,4670376
2020-05-11,21.77,21.79,20.54,21.08,20.0691490363,6957793
2020-05-12,21.21,21.545,20.12,20.13,19.164704464,5206905
2020-05-13,20.0,20.03,18.675,19.33,18.4030669294,6905785
2020-05-14,18.74,20.245,18.2,20.15,19.1837454024,7656505
2020-05-15,19.8,20.125,19.45,19.92,18.9647746112,4215907
2020-05-18,21.16,21.785,20.68,21.58,20.5451724954,7476722
2020-05-19,21.3,21.5,20.59,20.67,19.6788097998,6491944
2020-05-20,21.19,21.795,21.15,21.67,20.6308567181,5464972
2020-05-21,21.5,21.925,21.28,21.35,20.326201704200002,4317466
2020-05-22,21.5,21.87,20.97,21.28,20.25955842,2651377
2020-05-26,22.72,24.41,22.67,23.91,22.7634418149,7720999
2020-05-27,25.89,26.16,24.29,25.63,24.400962514299998,7129659
2020-05-28,26.11,26.18,24.57,24.66,23.4774770036,4995127
2020-05-29,23.98,24.585,23.74,24.1,22.9443307294,6797344
2020-06-01,24.42,25.05,24.13,24.73,23.5441202879,3227458
2020-06-02,25.24,25.69,24.825,25.12,23.915418585999998,5090193
2020-06-03,26.12,27.17,25.95,26.82,25.533898346999997,6352842
2020-06-04,26.66,28.47,26.4,28.46,27.0952552929,6025766
2020-06-05,31.36,32.98,29.03,29.25,27.8473723583,10055575
2020-06-08,30.63,31.07,29.475,30.41,28.9517467834,10600539
2020-06-09,28.87,30.1,28.5,29.51,28.094904557,5585789
2020-06-10,29.11,29.24,27.17,27.25,25.9432785218,8983540
2020-06-11,25.0,26.065,24.34,24.48,23.3061085583,7522634
2020-06-12,26.2,26.29,24.585,25.82,24.5818514287,4722696
2020-06-15,24.32,26.89,24.27,26.65,25.372050370900002,5615017
2020-06-16,28.28,28.45,26.41,27.24,25.9337580526,6394011
2020-06-17,27.25,27.415,26.28,26.37,25.105477233800002,4287297
2020-06-18,25.97,26.885,25.78,26.15,24.8960269117,4455897
2020-06-19,26.76,26.76,25.025,25.35,24.134389377199998,16907989
2020-06-22,25.02,25.785,24.88,25.43,24.2105531306,4647699
2020-06-23,25.99,26.47,25.63,25.8,24.5628104904,4733752
2020-06-24,25.33,25.4,23.96,24.08,22.925289790999997,5361841
2020-06-25,23.86,25.385,23.61,25.26,24.0487051545,5413148
2020-06-26,24.57,24.6,22.82,23.16,22.0494066262,13149646
2020-06-29,23.5,23.79,23.04,23.53,22.401663986,7956660
2020-06-30,23.38,25.41,23.31,25.24,24.0296642162,8059210
2020-07-01,25.23,25.23,24.01,24.23,23.0680968287,4898864
2020-07-02,25.01,25.14,23.64,23.76,22.6206347772,6689252
2020-07-06,24.4,24.93,23.92,24.27,23.106178705500003,3902611
2020-07-07,23.88,23.93,23.39,23.5,22.3731025784,3939167
2020-07-08,23.41,23.77,23.03,23.66,22.5254300854,4074838
2020-07-09,23.38,23.65,22.53,22.73,21.640026451399997,4102672
2020-07-10,22.73,24.18,22.71,24.18,23.020494482800004,4605171
2020-07-13,24.67,24.89,23.755,24.37,23.2013833973,4819160
2020-07-14,24.17,24.35,23.54,23.89,22.744400876500002,3860270
2020-07-15,24.75,25.52,24.36,25.45,24.229594069,3892808
2020-07-16,25.1,26.03,24.85,25.45,24.229594069,5141923
2020-07-17,26.67,27.424,25.12,25.15,23.943979993499998,6493082
2020-07-20,25.04,25.32,24.6,24.67,23.486997472800002,5046141
2020-07-21,24.81,25.67,24.655,25.55,24.3247987608,4945054
2020-07-22,25.12,25.69,24.96,25.51,24.2867168841,4927200
2020-07-23,25.34,26.215,25.25,26.05,24.8008222199,5753905
2020-07-24,26.14,26.35,25.54,25.58,24.353360168400002,5731081
2020-07-27,25.35,25.49,24.725,24.86,23.6678863872,4854811
2020-07-28,24.29,24.7035,24.08,24.18,23.3917927809,3813133
2020-07-29,24.21,25.37,23.925,25.35,24.523653722,4775676
2020-07-30,24.48,25.0,24.03,24.78,23.9722342892,4269256
2020-07-31,24.54,24.84,24.065,24.81,24.0012563646,6102773
2020-08-03,24.8,24.89,24.14,24.23,23.440162906599998,5454868
2020-08-04,24.2,24.42,24.02,24.21,23.4208148564,3720456
2020-08-05,24.54,24.91,24.355,24.87,24.0593005154,4020388
2020-08-06,24.64,24.995,24.55,24.76,23.9528862389,3520858
2020-08-07,24.46,25.44,24.325,25.43,24.601045923,4235777
2020-08-10,25.62,26.325,25.6,25.88,25.0363770542,3715207
2020-08-11,26.81,27.57,26.56,26.65,25.781276989699997,4731801
2020-08-12,27.37,27.37,25.8175,26.49,25.6264925876,3258741
2020-08-13,26.09,26.22,25.61,25.69,24.852570576599998,3139587
2020-08-14,25.41,26.19,25.3,25.9,25.0557251045,1935546
2020-08-17,25.68,25.83,25.39,25.44,24.610719948200003,1860434
2020-08-18,25.38,25.44,24.645,24.76,23.9528862389,2545461
2020-08-19,24.71,25.3,24.58,24.8,23.9915823394,3777359
2020-08-20,24.44,24.55,24.09,24.3,23.5078810826,2685646
2020-08-21,24.3,24.6,24.15,24.19,23.4014668061,3166316
2020-08-24,24.3,25.23,24.15,25.23,24.407565420300003,2856907
2020-08-25,25.71,25.89,25.1,25.54,24.7074601996,4333651
2020-08-26,25.46,25.705,25.28,25.36,24.5333277471,7896363
2020-08-27,25.42,26.23,25.2,26.01,25.162139381,4418316
2020-08-28,26.26,26.34,25.98,26.29,25.4330120848,3175192
2020-08-31,26.16,26.19,25.82,25.87,25.0267030291,6579525
2020-09-01,25.59,26.51,25.53,26.17,25.3169237832,6890977
2020-09-02,26.11,26.99,25.9,26.79,25.9167133417,5926504
2020-09-03,27.0,28.03,26.51,26.76,25.887691266300003,6917105
2020-09-04,27.46,27.79,26.58,27.36,26.4681327745,5626648
2020-09-08,26.78,27.06,26.22,26.62,25.7522549143,10854134
2020-09-09,26.83,27.41,26.49,27.13,26.245630196300002,8606414
2020-09-10,27.42,28.0687,26.52,26.72,25.848995165700003,15213664
2020-09-11,26.7,27.16,26.35,27.11,26.226282146,7692117
2020-09-14,27.41,28.1,27.28,27.99,27.0775963581,14720206
2020-09-15,27.96,28.0,26.68,26.69,25.819973090300003,6309790
2020-09-16,26.76,28.18,26.585,27.62,26.719657428,7296525
2020-09-17,27.07,27.82,26.915,27.49,26.593895101199998,7721537
2020-09-18,27.11,27.51,26.975,27.16,26.2746522717,8947206
2020-09-21,26.31,26.7201,25.67,25.83,24.9880069285,4990125
2020-09-22,25.79,25.88,24.3,24.51,23.7110356105,8540780
2020-09-23,24.72,25.3618,23.92,23.95,23.169290202800003,4782431
2020-09-24,23.95,24.53,23.46,23.83,23.053201901199998,3597323
2020-09-25,23.58,24.515,23.54,24.43,23.6336434094,3455203
2020-09-28,24.96,25.54,24.91,25.34,24.5139796968,4067728
2020-09-29,25.22,25.36,24.49,24.78,23.9722342892,2884531
2020-09-30,24.92,25.72,24.9,25.28,24.455935546,4933131
2020-10-01,25.46,25.71,25.14,25.43,24.601045923,3432262
2020-10-02,24.9,26.36,24.8,26.21,25.355619883699998,3348779
2020-10-05,26.52,27.5,26.45,27.48,26.5842210761,4597229
2020-10-06,28.0,28.48,27.02,27.13,26.245630196300002,4766516
2020-10-07,27.63,28.46,27.59,28.12,27.203358684899996,2964844
2020-10-08,28.41,28.63,27.96,28.56,27.629015790900002,2483240
2020-10-09,28.75,28.87,27.87,27.96,27.0485742827,4148787
2020-10-12,28.0,28.51,27.82,28.47,27.541949564699998,3358337
2020-10-13,28.44,28.5,27.57,28.02,27.1066184335,5851554
2020-10-14,28.18,28.56,27.54,27.58,26.6809613275,5018913
2020-10-15,27.24,28.055,27.15,27.9,26.9905301319,9333642
2020-10-16,27.0,27.07,26.07,26.61,25.7425808892,9017567
2020-10-19,26.92,27.075,26.5,26.64,25.7716029646,4454623
2020-10-20,27.11,28.04,26.99,27.62,26.719657428,5146431
2020-10-21,27.41,27.64,27.19,27.55,26.6519392521,5051332
2020-10-22,27.64,28.98,27.42,28.86,27.919236545,4311479
2020-10-23,29.1,29.37,28.43,29.13,28.180435223699998,4393874
2020-10-26,28.8,28.91,27.99,28.36,27.4355352882,4478551
2020-10-27,27.75,28.07,26.64,26.66,26.1682379952,3508450
2020-10-28,26.03,26.519000000000002,25.81,25.88,25.4026256308,3804654
2020-10-29,25.8,26.96,25.41,26.71,26.217315710900003,4503240
2020-10-30,26.64,27.26,26.31,27.25,26.747355040100004,3404180
2020-11-02,27.61,28.07,27.08,28.03,27.5129674046,3771198
2020-11-03,28.69,29.22,28.51,29.01,28.4748906317,3596277
2020-11-04,27.98,28.01,26.44,26.72,26.227131254,5861330
2020-11-05,26.92,29.235,26.91,28.91,28.3767352004,8868594
2020-11-06,29.09,29.34,27.49,27.71,27.1988700243,4255962
2020-11-09,30.6,32.97,30.53,32.33,31.733650952199998,10508669
2020-11-10,32.46,32.975,31.87,32.8,32.1949814795,5545163
2020-11-11,32.9,32.9,31.42,31.68,31.095640648499998,4024377
2020-11-12,30.83,31.3,30.09,30.68,30.1140863351,4376821
2020-11-13,31.16,32.0,31.07,31.75,31.1643494504,3499671
2020-11-16,33.25,33.97,32.54,33.04,32.4305545147,3892259
2020-11-17,32.44,33.07,31.745,33.07,32.4600011441,3363793
2020-11-18,33.16,33.6,32.5,32.51,31.9103307286,2744898
2020-11-19,32.07,32.87,31.77,32.81,32.204797022600005,2878404
2020-11-20,32.39,32.5765,31.835,32.28,31.6845732365,3817383
2020-11-23,33.0,33.41,32.69,33.25,32.636680920500005,2417029
2020-11-24,34.13,35.195,34.1,35.06,34.4132942278,3882784
2020-11-25,34.42,34.83,34.01,34.7,34.059934675,2792414
2020-11-27,34.55,34.765,33.87,34.14,33.5102642594,1556615
2020-11-30,33.9,34.27,32.5848,32.66,32.057563875599996,5330363
2020-12-01,33.71,34.075,33.43,33.62,32.999856016500004,3831269
2020-12-02,33.46,34.63,33.33,34.36,33.7262062084,3683150
2020-12-03,34.36,34.925,33.905,34.59,33.9519637005,3678987
2020-12-04,35.07,35.56,34.815,35.43,34.7764693237,3605804
2020-12-07,35.09,35.41,34.58,35.31,34.6586828061,3950461
2020-12-08,34.93,35.79,34.85,35.59,34.9335180139,3466520
2020-12-09,36.04,36.55,35.69,35.81,35.1494599628,3330670
2020-12-10,35.25,36.13,35.09,36.0,35.3359552824,3055725
2020-12-11,35.4,35.68,34.955,35.37,34.7175760649,2481027
2020-12-14,36.17,36.34,34.57,34.62,33.9814103299,3481661
2020-12-15,35.2,35.5,34.62,35.29,34.639051719899996,2861956
2020-12-16,35.39,35.48,34.93,35.38,34.7273916081,2612096
2020-12-17,35.15,35.3119,34.52,34.78,34.13845902,3559927
2020-12-18,34.78,34.97,33.885,34.21,33.5789730614,7189460
2020-12-21,34.49,34.99,33.87,34.76,34.1188279338,4625721
2020-12-22,35.0,35.15,34.24,34.24,33.6084196908,2904514
2020-12-23,34.61,35.57,34.57,35.36,34.7077605218,2426702
2020-12-24,35.5,35.5,34.59,35.12,34.4721874866,1333688
2020-12-28,35.55,35.74,35.09,35.11,34.4623719434,2449579
2020-12-29,35.15,35.27,34.69,34.88,34.2366144514,1930603
2020-12-30,34.97,35.45,34.9,35.4,34.7470226943,2060180
2020-12-31,35.32,35.81,34.96,35.76,35.100382247199995,1829859
2021-01-04,36.02,36.2,34.92,35.52,34.8648092119,3483470
2021-01-05,35.53,36.68,35.41,36.29,35.6206060333,3095457
2021-01-06,37.54,39.47,37.45,38.81,38.094122903,6295002
2021-01-07,39.5,40.66,39.37,40.17,39.4290367692,4488726
2021-01-08,40.09,40.15,38.72,39.56,38.8302886381,3406334
2021-01-11,39.01,40.04,38.655,39.83,39.0953083027,3771256
2021-01-12,39.88,40.84,39.5,40.3,39.55663883,2974613
2021-01-13,40.09,40.57,39.74,40.25,39.507561114299996,2567679
2021-01-14,40.69,41.67,40.41,41.45,40.6854262904,2721251
2021-01-15,40.46,40.95,39.99,40.63,39.8805517534,4120133
2021-01-19,40.96,41.12,40.41,40.83,40.0768626161,4498846
2021-01-20,40.66,41.58,39.46,40.09,39.3505124242,3991556
2021-01-21,40.01,40.27,38.47,38.92,38.2020938775,4310354
2021-01-22,38.31,38.85,37.95,38.39,37.6818700914,3734560
2021-01-25,38.0,38.11,36.66,38.05,37.3481416248,5470029
2021-01-26,38.54,38.7,37.01,37.05,36.3665873114,4672634
2021-01-27,36.32,36.67,35.09,35.21,34.5605273748,5949674
2021-01-28,36.11,37.64,35.771,37.21,36.523636001599996,5126001
2021-01-29,37.08,37.71,36.005,36.44,35.7678391803,6484641
2021-02-01,36.81,37.25,36.31,37.21,36.523636001599996,4597784
2021-02-02,37.45,38.77,37.45,38.01,37.6916856345,3739653
2021-02-03,38.01,38.89,37.87,38.79,38.4651535323,3663413
2021-02-04,39.39,40.345,39.225,39.92,39.585690358600004,5027488
2021-02-05,40.4,40.87,39.785,39.94,39.6055228688,2618574
2021-02-08,40.11,40.75,39.99,40.48,40.1410006442,2909005
2021-02-09,40.3,40.78,39.8084,40.59,40.2500794503,2600113
2021-02-10,40.62,41.17,40.31,40.37,40.0319218381,2818794
2021-02-11,40.3,40.69,39.26,39.97,39.6352716341,2953882
2021-02-12,40.41,40.84,40.0,40.52,40.1806656646,2030588
2021-02-16,41.24,42.39,41.06,42.03,41.678020184699996,6023061
2021-02-17,41.82,42.56,41.22,41.83,41.4796950827,3695481
2021-02-18,41.3,41.51,40.41,40.9,40.5574833584,4410870
2021-02-19,41.28,42.79,41.14,42.51,42.154000429499995,3646002
2021-02-22,42.42,43.755,42.3,43.24,42.877887051799995,4503904
2021-02-23,44.0,44.56,43.31,44.45,44.0777539188,6150956
2021-02-24,45.0,46.56,44.77,46.38,45.9915911531,5381807
2021-02-25,46.96,46.97,44.055,44.2,43.8298475413,6850393
2021-02-26,43.83,44.48,42.855,43.44,43.0762121537,6384488
2021-03-01,44.49,45.01,44.0,44.3,43.9290100923,9339782
2021-03-02,44.33,45.2,43.93,44.46,44.0876701739,10253871
2021-03-03,44.99,46.02,44.39,44.61,44.236414000399996,8511582
2021-03-04,44.36,45.18,42.76,43.68,43.3142022761,8775530
2021-03-05,44.89,45.18,42.44,44.3,43.9290100923,8907905
2021-03-08,45.07,46.6,44.49,45.87,45.485862143,6604466
2021-03-09,44.73,45.06,43.71,44.06,43.6910199699,6564629
2021-03-10,44.13,44.83,43.77,44.62,44.2463302555,8124797
2021-03-11,44.22,44.89,43.89,44.63,44.25624651060001,6119385
2021-03-12,45.62,46.0,45.09,45.48,45.0991281941,5954804
2021-03-15,45.46,45.68,44.04,44.94,44.5636504187,4590574
2021-03-16,44.47,44.5,43.38,43.94,43.5720249087,5040696
2021-03-17,44.48,45.09,44.0,44.68,44.3058277861,6945795
2021-03-18,45.78,47.56,45.24,45.38,44.999965643100005,9444914
2021-03-19,44.63,45.6,43.71,44.54,44.1670002147,16992665
2021-03-22,44.42,44.44,42.92,43.44,43.0762121537,6599364
2021-03-23,43.03,43.61,42.12,42.27,41.9160103071,7080871
2021-03-24,43.11,43.67,42.22,42.24,41.886261541799996,5461668
2021-03-25,42.08,44.345,41.79,44.1,43.7306849903,6425368
2021-03-26,44.8,45.41,44.31,45.01,44.63306420439999,6272095
2021-03-29,44.2,44.25,42.86,43.37,43.006798368000005,9337347
2021-03-30,43.98,45.1,43.915,44.78,44.4049903371,5613307
2021-03-31,44.51,45.0,44.03,44.15,43.7802662658,6865349
2021-04-01,44.1,44.94,43.97,44.94,44.5636504187,5785855
2021-04-05,45.52,45.99,44.63,44.91,44.5339016534,4451354
2021-04-06,44.73,45.0,44.22,44.82,44.4446553575,3800199
2021-04-07,45.07,45.35,44.62,44.99,44.6132316942,2948570
2021-04-08,44.64,44.92,43.75,44.71,44.3355765514,3236059
2021-04-09,45.2,45.7,44.98,45.37,44.990049388,3154794
2021-04-12,45.63,46.02,45.47,45.92,45.5354434185,3263182
2021-04-13,45.48,45.69,44.52,44.78,44.4049903371,3791978
2021-04-14,44.68,45.86,44.62,45.52,45.1387932145,3985988
2021-04-15,45.52,45.57,43.845,44.68,44.3058277861,7092286
2021-04-16,45.31,45.56,44.3,44.83,44.4545716126,5089515
2021-04-19,44.91,45.66,44.48,44.61,44.236414000399996,3978100
2021-04-20,44.17,44.4,42.41,42.71,42.3523255315,6282240
2021-04-21,42.34,44.06,41.95,44.04,43.6711874597,7848518
2021-04-22,44.09,44.22,43.15,43.18,42.8183895212,8094801
2021-04-23,43.33,45.07,43.05,44.93,44.5537341636,5170246
2021-04-26,45.26,46.25,45.245,45.74,45.3569508267,3843229
2021-04-27,45.9,46.24,45.6766,46.1,45.713936010299996,3157425
2021-04-28,45.79,46.45,45.775,46.18,46.18,3288375
2021-04-29,46.85,47.42,46.48,47.03,47.03,3289035
2021-04-30,46.64,47.23,46.16,46.28,46.28,4575908
2021-05-03,46.87,47.2,46.14,46.84,46.84,4042717
2021-05-04,46.49,48.09,46.08,48.06,48.06,4900240
2021-05-05,48.15,49.03,48.15,48.69,48.69,2642400
